/*
 Navicat Premium Data Transfer

 Source Server         : database
 Source Server Type    : MySQL
 Source Server Version : 100131
 Source Host           : localhost:3306
 Source Schema         : lehoi

 Target Server Type    : MySQL
 Target Server Version : 100131
 File Encoding         : 65001

 Date: 03/09/2019 17:54:54
*/

SET NAMES utf8mb4;
SET FOREIGN_KEY_CHECKS = 0;

-- ----------------------------
-- Table structure for categories
-- ----------------------------
DROP TABLE IF EXISTS `categories`;
CREATE TABLE `categories`  (
  `id` bigint(20) UNSIGNED NOT NULL AUTO_INCREMENT,
  `category_id` bigint(20) UNSIGNED NOT NULL,
  `parent_id` bigint(20) UNSIGNED NOT NULL,
  `avatar` varchar(191) CHARACTER SET utf8mb4 COLLATE utf8mb4_unicode_ci NULL DEFAULT '',
  `category_name` varchar(191) CHARACTER SET utf8mb4 COLLATE utf8mb4_unicode_ci NOT NULL,
  `is_show` tinyint(1) NULL DEFAULT 0,
  `sort` tinyint(4) NOT NULL DEFAULT 0,
  `description` longtext CHARACTER SET utf8mb4 COLLATE utf8mb4_unicode_ci NULL,
  `lang` varchar(20) CHARACTER SET utf8mb4 COLLATE utf8mb4_unicode_ci NOT NULL,
  `note` varchar(191) CHARACTER SET utf8mb4 COLLATE utf8mb4_unicode_ci NULL DEFAULT '',
  `created_at` timestamp(0) NULL DEFAULT NULL,
  `updated_at` timestamp(0) NULL DEFAULT NULL,
  `deleted_at` timestamp(0) NULL DEFAULT NULL,
  PRIMARY KEY (`id`) USING BTREE
) ENGINE = InnoDB AUTO_INCREMENT = 20 CHARACTER SET = utf8mb4 COLLATE = utf8mb4_unicode_ci ROW_FORMAT = Compact;

-- ----------------------------
-- Records of categories
-- ----------------------------
INSERT INTO `categories` VALUES (1, 1, 0, '', 'danh muc home', 0, 0, NULL, 'vi', NULL, '2019-08-10 11:11:38', '2019-08-22 09:24:32', '2019-08-22 09:24:32');
INSERT INTO `categories` VALUES (2, 2, 1, '', 'Danh muc 1', 1, 0, NULL, 'vi', NULL, '2019-08-10 11:12:46', '2019-08-10 11:12:59', '2019-08-10 11:12:59');
INSERT INTO `categories` VALUES (3, 3, 1, '', 'Danh muc 1', 1, 0, NULL, 'vi', NULL, '2019-08-10 11:12:46', '2019-08-10 11:12:57', '2019-08-10 11:12:57');
INSERT INTO `categories` VALUES (4, 2, 0, '', 'Danh mục 1', 1, 0, NULL, 'vi', NULL, '2019-08-10 11:13:09', '2019-08-22 08:47:28', '2019-08-22 08:47:28');
INSERT INTO `categories` VALUES (5, 5, 0, '', 'Danh muc 2', 1, 0, NULL, 'vi', NULL, '2019-08-10 14:39:11', '2019-08-15 09:35:55', '2019-08-15 09:35:55');
INSERT INTO `categories` VALUES (6, 6, 0, '', 'Danh muc 3', 1, 0, NULL, 'vi', NULL, '2019-08-10 14:39:26', '2019-08-22 08:51:32', NULL);
INSERT INTO `categories` VALUES (7, 7, 0, '', 'Danh muc stack', 1, 0, NULL, 'vi', NULL, '2019-08-10 14:39:59', '2019-08-22 00:29:39', NULL);
INSERT INTO `categories` VALUES (8, 8, 7, '', 'Danh muc 4', 1, 0, NULL, 'vi', NULL, '2019-08-10 14:40:07', '2019-08-22 08:51:32', NULL);
INSERT INTO `categories` VALUES (9, 9, 7, '', 'Danh muc 5', 1, 0, NULL, 'vi', NULL, '2019-08-10 14:40:16', '2019-08-22 09:24:02', '2019-08-22 09:24:02');
INSERT INTO `categories` VALUES (10, 10, 1, '', 'Home 1', 1, 0, NULL, 'vi', NULL, '2019-08-12 09:00:53', '2019-08-22 09:23:28', '2019-08-22 09:23:28');
INSERT INTO `categories` VALUES (11, 11, 0, '', 'Triễn lãm thành tựu', 1, 0, NULL, 'vi', NULL, '2019-08-13 09:19:15', '2019-08-22 10:31:36', NULL);
INSERT INTO `categories` VALUES (12, 12, 0, '', 'góc gian hàng', 1, 0, NULL, 'vi', NULL, '2019-08-13 09:19:27', '2019-08-22 10:31:37', NULL);
INSERT INTO `categories` VALUES (13, 13, 0, '', 'góc ẩm thực', 1, 0, NULL, 'vi', NULL, '2019-08-13 09:19:38', '2019-08-22 10:31:37', NULL);
INSERT INTO `categories` VALUES (14, 14, 0, '', 'tài trợ', 1, 0, NULL, 'vi', NULL, '2019-08-13 09:19:50', '2019-08-22 10:52:45', '2019-08-22 10:52:45');
INSERT INTO `categories` VALUES (15, 15, 0, 'upload/categories/15.jpeg', 'Carousel', 1, 0, NULL, 'vi', NULL, '2019-08-14 16:37:32', '2019-08-22 10:31:37', NULL);
INSERT INTO `categories` VALUES (16, 16, 0, '', 'Banners', 1, 0, NULL, 'vi', NULL, '2019-08-14 17:18:38', '2019-08-22 10:31:37', NULL);
INSERT INTO `categories` VALUES (17, 17, 0, 'upload/categories/17.jpeg', 'Banner category', 1, 0, NULL, 'vi', NULL, '2019-08-15 09:07:26', '2019-08-22 10:17:49', NULL);
INSERT INTO `categories` VALUES (18, 18, 0, '', 'empty', 1, 0, NULL, 'vi', NULL, '2019-08-17 09:59:14', '2019-08-21 16:32:40', '2019-08-21 16:32:40');
INSERT INTO `categories` VALUES (19, 18, 0, '', 'Danh Mục 1', 1, 0, NULL, 'vi', NULL, '2019-08-22 08:47:49', '2019-08-22 10:31:36', NULL);

-- ----------------------------
-- Table structure for contacts
-- ----------------------------
DROP TABLE IF EXISTS `contacts`;
CREATE TABLE `contacts`  (
  `id` bigint(20) UNSIGNED NOT NULL AUTO_INCREMENT,
  `customer_name` varchar(191) CHARACTER SET utf8mb4 COLLATE utf8mb4_unicode_ci NULL DEFAULT '',
  `email` varchar(191) CHARACTER SET utf8mb4 COLLATE utf8mb4_unicode_ci NULL DEFAULT '',
  `content` longtext CHARACTER SET utf8mb4 COLLATE utf8mb4_unicode_ci NOT NULL,
  `created_at` timestamp(0) NULL DEFAULT NULL,
  `updated_at` timestamp(0) NULL DEFAULT NULL,
  PRIMARY KEY (`id`) USING BTREE
) ENGINE = InnoDB AUTO_INCREMENT = 41 CHARACTER SET = utf8mb4 COLLATE = utf8mb4_unicode_ci ROW_FORMAT = Compact;

-- ----------------------------
-- Records of contacts
-- ----------------------------
INSERT INTO `contacts` VALUES (1, 'BUi hoang ngan', 'ngan@gmail.com', 'Sad', '2019-08-13 15:17:37', '2019-08-13 15:17:37');
INSERT INTO `contacts` VALUES (2, 'BUi hoang ngan', 'ngan@gmail.com', 'Sad', '2019-08-13 15:18:50', '2019-08-13 15:18:50');
INSERT INTO `contacts` VALUES (3, 'BUi hoang ngan', 'ngan@gmail.com', 'Sad', '2019-08-13 15:20:25', '2019-08-13 15:20:25');
INSERT INTO `contacts` VALUES (4, 'BUi hoang ngan', 'ngan@gmail.com', 'Sad', '2019-08-13 15:21:41', '2019-08-13 15:21:41');
INSERT INTO `contacts` VALUES (5, 'BUi hoang ngan', 'ngan@gmail.com', 'Sad', '2019-08-13 15:22:27', '2019-08-13 15:22:27');
INSERT INTO `contacts` VALUES (6, 'BUi hoang ngan', 'ngan@gmail.com', 'Sad', '2019-08-13 15:24:42', '2019-08-13 15:24:42');
INSERT INTO `contacts` VALUES (7, 'BUi hoang ngan', 'ngan@gmail.com', 'Sad', '2019-08-13 15:24:52', '2019-08-13 15:24:52');
INSERT INTO `contacts` VALUES (8, 'BUi hoang ngan', 'ngan@gmail.com', 'Sad', '2019-08-13 15:25:25', '2019-08-13 15:25:25');
INSERT INTO `contacts` VALUES (9, 'BUi hoang ngan', 'ngan@gmail.com', 'Sad', '2019-08-13 15:25:57', '2019-08-13 15:25:57');
INSERT INTO `contacts` VALUES (10, 'BUi hoang ngan', 'ngan@gmail.com', 'Sad', '2019-08-13 15:29:38', '2019-08-13 15:29:38');
INSERT INTO `contacts` VALUES (11, 'BUi hoang ngan', 'ngan@gmail.com', 'Sad', '2019-08-13 15:31:09', '2019-08-13 15:31:09');
INSERT INTO `contacts` VALUES (12, 'BUi hoang ngan', 'ngan@gmail.com', 'Sad', '2019-08-13 15:31:48', '2019-08-13 15:31:48');
INSERT INTO `contacts` VALUES (13, 'BUi hoang ngan', 'ngan@gmail.com', 'Sad', '2019-08-13 15:32:22', '2019-08-13 15:32:22');
INSERT INTO `contacts` VALUES (14, 'BUi hoang ngan', 'ngan@gmail.com', 'Sad', '2019-08-13 15:33:05', '2019-08-13 15:33:05');
INSERT INTO `contacts` VALUES (15, 'BUi hoang ngan', 'ngan@gmail.com', 'Sad', '2019-08-13 15:33:24', '2019-08-13 15:33:24');
INSERT INTO `contacts` VALUES (16, 'BUi hoang ngan', 'ngan@gmail.com', 'Sad', '2019-08-13 15:35:41', '2019-08-13 15:35:41');
INSERT INTO `contacts` VALUES (17, 'BUi hoang ngan', 'ngan@gmail.com', 'Sad', '2019-08-13 15:36:07', '2019-08-13 15:36:07');
INSERT INTO `contacts` VALUES (18, 'BUi hoang ngan', 'ngan@gmail.com', 'Sad', '2019-08-13 15:38:00', '2019-08-13 15:38:00');
INSERT INTO `contacts` VALUES (19, 'BUi hoang ngan', 'ngan@gmail.com', 'Sad', '2019-08-13 15:38:15', '2019-08-13 15:38:15');
INSERT INTO `contacts` VALUES (20, 'BUi hoang ngan', 'ngan@gmail.com', 'Sad', '2019-08-13 15:40:34', '2019-08-13 15:40:34');
INSERT INTO `contacts` VALUES (21, 'BUi hoang ngan', 'ngan@gmail.com', 'Sad', '2019-08-13 15:42:09', '2019-08-13 15:42:09');
INSERT INTO `contacts` VALUES (22, 'BUi hoang ngan', 'ngan@gmail.com', 'Sad', '2019-08-13 15:42:17', '2019-08-13 15:42:17');
INSERT INTO `contacts` VALUES (23, 'BUi hoang ngan', 'ngan@gmail.com', 'Sad', '2019-08-13 15:46:26', '2019-08-13 15:46:26');
INSERT INTO `contacts` VALUES (24, 'BUi hoang ngan', 'ngan@gmail.com', 'Sad', '2019-08-13 15:47:54', '2019-08-13 15:47:54');
INSERT INTO `contacts` VALUES (25, 'BUi hoang ngan', 'ngan@gmail.com', 'Sad', '2019-08-13 15:48:20', '2019-08-13 15:48:20');
INSERT INTO `contacts` VALUES (26, 'sad', 'Ngan@gmail.com', 'sadaf', '2019-08-13 15:56:09', '2019-08-13 15:56:09');
INSERT INTO `contacts` VALUES (27, 'ngan', 'gấ@gmail.com', 'dsafasf', '2019-08-13 16:04:19', '2019-08-13 16:04:19');
INSERT INTO `contacts` VALUES (28, 'asda', 'asf@gas.com', 'Ngan12fas', '2019-08-13 16:21:50', '2019-08-13 16:21:50');
INSERT INTO `contacts` VALUES (29, 'asda', 'asf@gas.com', 'Ngan12fas', '2019-08-13 16:22:23', '2019-08-13 16:22:23');
INSERT INTO `contacts` VALUES (30, 'asda', 'asf@gas.com', 'Ngan12fas', '2019-08-13 16:23:07', '2019-08-13 16:23:07');
INSERT INTO `contacts` VALUES (31, 'ngan', 'asnf@gmai.com', 'safafs', '2019-08-13 16:40:59', '2019-08-13 16:40:59');
INSERT INTO `contacts` VALUES (32, 'ngan', 'asnf@gmai.com', 'safafs', '2019-08-13 16:42:23', '2019-08-13 16:42:23');
INSERT INTO `contacts` VALUES (33, 'Bùi hoàng ngân', 'ngan@a.com', 'The config function gets the value of a configuration variable. The configuration values may be accessed using \"dot\" syntax, which includes the name of the file and the option you wish to access. A default value may be specified and is returned if the configuration option does not exist:', '2019-08-13 16:45:29', '2019-08-13 16:45:29');
INSERT INTO `contacts` VALUES (34, 'Bùi hoàng ngân', 'ngan@a.com', 'The config function gets the value of a configuration variable. The configuration values may be accessed using \"dot\" syntax, which includes the name of the file and the option you wish to access. A default value may be specified and is returned if the configuration option does not exist:', '2019-08-13 16:46:42', '2019-08-13 16:46:42');
INSERT INTO `contacts` VALUES (35, 'Ngan', 'ngan@gmail.com', 'Website sosad', '2019-08-14 08:53:07', '2019-08-14 08:53:07');
INSERT INTO `contacts` VALUES (36, 'Bui hoang ngan', 'nganhbui996@gmail.com', 'Bai viet lien he, test mail google.', '2019-08-14 08:54:58', '2019-08-14 08:54:58');
INSERT INTO `contacts` VALUES (37, 'sada', 'safd@sad.com', 'aDASD', '2019-08-14 09:15:40', '2019-08-14 09:15:40');
INSERT INTO `contacts` VALUES (38, 'test', 'test@k.c', 'jbkk', '2019-08-14 09:23:58', '2019-08-14 09:23:58');
INSERT INTO `contacts` VALUES (39, 'ngan', 'ngan@a.com', 'lamsl', '2019-08-14 09:25:00', '2019-08-14 09:25:00');
INSERT INTO `contacts` VALUES (40, 'test', 'test@gmail.com', 'safafs', '2019-08-14 09:26:30', '2019-08-14 09:26:30');

-- ----------------------------
-- Table structure for content_categories
-- ----------------------------
DROP TABLE IF EXISTS `content_categories`;
CREATE TABLE `content_categories`  (
  `content_id` bigint(20) UNSIGNED NOT NULL,
  `category_id` bigint(20) UNSIGNED NOT NULL,
  `is_used` tinyint(1) NOT NULL DEFAULT 0,
  `is_show` tinyint(1) NOT NULL DEFAULT 0,
  `is_featured` tinyint(1) NOT NULL DEFAULT 0,
  `sort` bigint(20) NULL DEFAULT 0,
  `created_at` timestamp(0) NULL DEFAULT NULL,
  `updated_at` timestamp(0) NULL DEFAULT NULL
) ENGINE = InnoDB CHARACTER SET = utf8mb4 COLLATE = utf8mb4_unicode_ci ROW_FORMAT = Compact;

-- ----------------------------
-- Records of content_categories
-- ----------------------------
INSERT INTO `content_categories` VALUES (16, 13, 0, 0, 0, 0, '2019-08-13 11:01:41', '2019-08-13 11:01:41');
INSERT INTO `content_categories` VALUES (17, 13, 0, 0, 0, 0, '2019-08-13 11:01:58', '2019-08-13 11:01:58');
INSERT INTO `content_categories` VALUES (18, 13, 0, 0, 0, 0, '2019-08-13 11:02:21', '2019-08-13 11:02:21');
INSERT INTO `content_categories` VALUES (19, 13, 0, 0, 0, 0, '2019-08-13 11:02:51', '2019-08-13 11:02:51');
INSERT INTO `content_categories` VALUES (20, 13, 0, 0, 0, 0, '2019-08-13 11:03:14', '2019-08-13 11:03:14');
INSERT INTO `content_categories` VALUES (26, 17, 0, 0, 0, 0, '2019-08-15 10:20:28', '2019-08-15 10:20:28');
INSERT INTO `content_categories` VALUES (27, 17, 0, 0, 0, 0, '2019-08-15 10:20:47', '2019-08-15 10:20:47');
INSERT INTO `content_categories` VALUES (30, 15, 0, 0, 0, 0, '2019-08-21 16:54:19', '2019-08-21 16:54:19');
INSERT INTO `content_categories` VALUES (31, 15, 0, 0, 0, 0, '2019-08-21 16:55:10', '2019-08-21 16:55:10');
INSERT INTO `content_categories` VALUES (32, 15, 0, 0, 0, 0, '2019-08-21 16:55:52', '2019-08-21 16:55:52');
INSERT INTO `content_categories` VALUES (33, 11, 0, 0, 0, 0, '2019-08-21 17:03:52', '2019-08-21 17:03:52');
INSERT INTO `content_categories` VALUES (34, 11, 0, 0, 0, 0, '2019-08-21 17:09:01', '2019-08-21 17:09:01');
INSERT INTO `content_categories` VALUES (35, 11, 0, 0, 0, 0, '2019-08-21 17:13:54', '2019-08-21 17:13:54');
INSERT INTO `content_categories` VALUES (36, 11, 0, 0, 0, 0, '2019-08-21 17:15:09', '2019-08-21 17:15:09');
INSERT INTO `content_categories` VALUES (37, 11, 0, 0, 0, 0, '2019-08-21 17:18:08', '2019-08-21 17:18:08');
INSERT INTO `content_categories` VALUES (38, 11, 0, 0, 0, 0, '2019-08-21 17:25:59', '2019-08-21 17:25:59');
INSERT INTO `content_categories` VALUES (39, 11, 0, 0, 0, 0, '2019-08-21 17:28:48', '2019-08-21 17:28:48');
INSERT INTO `content_categories` VALUES (40, 16, 0, 0, 0, 0, '2019-08-22 00:27:03', '2019-08-22 00:27:03');
INSERT INTO `content_categories` VALUES (41, 16, 0, 0, 0, 0, '2019-08-22 00:27:21', '2019-08-22 00:27:21');
INSERT INTO `content_categories` VALUES (42, 16, 0, 0, 0, 0, '2019-08-22 09:02:41', '2019-08-22 09:02:41');
INSERT INTO `content_categories` VALUES (43, 16, 0, 0, 0, 0, '2019-08-22 09:03:00', '2019-08-22 09:03:00');
INSERT INTO `content_categories` VALUES (44, 12, 0, 0, 0, 0, '2019-08-22 09:06:00', '2019-08-22 09:06:00');
INSERT INTO `content_categories` VALUES (45, 12, 0, 0, 0, 0, '2019-08-22 09:06:56', '2019-08-22 09:06:56');
INSERT INTO `content_categories` VALUES (46, 12, 0, 0, 0, 0, '2019-08-22 09:08:12', '2019-08-22 09:08:12');
INSERT INTO `content_categories` VALUES (47, 12, 0, 0, 0, 0, '2019-08-22 09:10:01', '2019-08-22 09:10:01');
INSERT INTO `content_categories` VALUES (48, 12, 0, 0, 0, 0, '2019-08-22 09:11:41', '2019-08-22 09:11:41');

-- ----------------------------
-- Table structure for contents
-- ----------------------------
DROP TABLE IF EXISTS `contents`;
CREATE TABLE `contents`  (
  `id` bigint(20) UNSIGNED NOT NULL AUTO_INCREMENT,
  `content_id` bigint(20) UNSIGNED NOT NULL,
  `user_id` bigint(20) UNSIGNED NOT NULL,
  `avatar` varchar(191) CHARACTER SET utf8mb4 COLLATE utf8mb4_unicode_ci NULL DEFAULT '',
  `title` varchar(191) CHARACTER SET utf8mb4 COLLATE utf8mb4_unicode_ci NOT NULL,
  `alias` varchar(191) CHARACTER SET utf8mb4 COLLATE utf8mb4_unicode_ci NOT NULL,
  `summary` text CHARACTER SET utf8mb4 COLLATE utf8mb4_unicode_ci NULL,
  `content` longtext CHARACTER SET utf8mb4 COLLATE utf8mb4_unicode_ci NULL,
  `is_show` tinyint(1) NULL DEFAULT 0,
  `is_draft` tinyint(1) NULL DEFAULT 0,
  `is_featured` tinyint(1) NULL DEFAULT 0,
  `sort` tinyint(4) NOT NULL,
  `tags` varchar(191) CHARACTER SET utf8mb4 COLLATE utf8mb4_unicode_ci NULL DEFAULT '',
  `description` text CHARACTER SET utf8mb4 COLLATE utf8mb4_unicode_ci NULL,
  `lang` varchar(20) CHARACTER SET utf8mb4 COLLATE utf8mb4_unicode_ci NULL DEFAULT 'vi',
  `views` bigint(20) UNSIGNED NOT NULL DEFAULT 0,
  `note` varchar(191) CHARACTER SET utf8mb4 COLLATE utf8mb4_unicode_ci NULL DEFAULT '',
  `created_at` timestamp(0) NULL DEFAULT NULL,
  `updated_at` timestamp(0) NULL DEFAULT NULL,
  `deleted_at` timestamp(0) NULL DEFAULT NULL,
  PRIMARY KEY (`id`) USING BTREE
) ENGINE = InnoDB AUTO_INCREMENT = 49 CHARACTER SET = utf8mb4 COLLATE = utf8mb4_unicode_ci ROW_FORMAT = Compact;

-- ----------------------------
-- Records of contents
-- ----------------------------
INSERT INTO `contents` VALUES (1, 1, 1, 'upload/contents/1.jpeg', 'sada asdas da asda sada asdas da asda sada asdas da asda 1', 'sada-asdas-da-asda-sada-asdas-da-asda-sada-asdas-da-asda-1', 'Nani Nani Nani Nani Nani Nani Nani Nani Nani Nani Nani Nani Nani Nani Nani', '<p><span style=\"color:#c0392b\"><strong><em><u>Nani Nani Nani Nani Nani Nani Nani Nani&nbsp;Nani Nani Nani Nani Nani Nani Nani Nani&nbsp;Nani Nani Nani Nani Nani Nani Nani Nani&nbsp;Nani Nani Nani Nani Nani Nani Nani Nani&nbsp;Nani Nani Nani Nani Nani Nani Nani Nani&nbsp;Nani Nani Nani Nani Nani Nani Nani Nani&nbsp;Nani Nani Nani Nani Nani Nani Nani Nani&nbsp;Nani Nani Nani Nani Nani Nani Nani Nani&nbsp;Nani Nani Nani N</u></em></strong></span>ani Nani Nani Nani Nani&nbsp;Nani Nani Nani Nani Nani Nani Nani Nani&nbsp;Nani Nani Nani Nani Nani Nani Nani Nani&nbsp;Nani Nani Nani Nani Nani Nani Nani Nani&nbsp;Nani Nani Nani Nani Nani Nani Nani Nani&nbsp;Nani Nani Nani Nani Nani Nani Nani Nani&nbsp;Nani Nani Nani Nani Nani Nani Nani Nani&nbsp;</p>', 1, 0, 1, 0, '', NULL, 'vi', 0, NULL, '2019-08-10 15:22:00', '2019-08-22 09:22:42', '2019-08-22 09:22:42');
INSERT INTO `contents` VALUES (2, 2, 1, 'upload/contents/2.jpeg', 'sada asdas da asda sada asdas da asda sada asdas da asda 2', 'sada-asdas-da-asda-sada-asdas-da-asda-sada-asdas-da-asda-2', 'asdasdasf', '<p>safasfasfasfasfa</p>', 1, 0, 1, 0, '', NULL, 'vi', 0, NULL, '2019-08-10 16:31:05', '2019-08-22 09:22:37', '2019-08-22 09:22:37');
INSERT INTO `contents` VALUES (3, 3, 1, 'upload/contents/3.jpeg', 'sada asdas da asda sada asdas da asda sada asdas da asda 3', 'sada-asdas-da-asda-sada-asdas-da-asda-sada-asdas-da-asda-3', 'safafasfasfaafsafafasfasfaaf safafasfasfaaf', '<p>safafsaf&nbsp;safafsaf&nbsp;safafsaf&nbsp;safafsaf&nbsp;safafsaf&nbsp;safafsaf&nbsp;safafsaf&nbsp;safafsaf&nbsp;safafsaf&nbsp;safafsaf&nbsp;safafsaf&nbsp;safafsaf&nbsp;safafsaf&nbsp;safafsaf&nbsp;safafsaf&nbsp;safafsaf&nbsp;safafsaf&nbsp;safafsaf&nbsp;safafsaf&nbsp;safafsaf&nbsp;</p>', 1, 0, 1, 0, '', NULL, 'vi', 0, NULL, '2019-08-10 16:31:23', '2019-08-22 09:22:31', '2019-08-22 09:22:31');
INSERT INTO `contents` VALUES (4, 4, 1, 'upload/contents/4.jpeg', 'sada asdas da asda sada asdas da asda sada asdas da asda 4', 'sada-asdas-da-asda-sada-asdas-da-asda-sada-asdas-da-asda-4', 'sada asdas da asda sada asdas da asda sada asdas da asda', '<p>sada asdas da asda&nbsp;sada asdas da asda&nbsp;sada asdas da asda</p>', 1, 0, 1, 0, '', NULL, 'vi', 0, NULL, '2019-08-10 16:31:41', '2019-08-22 09:22:26', '2019-08-22 09:22:26');
INSERT INTO `contents` VALUES (5, 5, 1, 'upload/contents/5.jpeg', 'sada asdas da asda sada asdas da asda sada asdas da asda 5', 'sada-asdas-da-asda-sada-asdas-da-asda-sada-asdas-da-asda-5', 'sada asd a asdas sada sadas  asdas  asda sda as dad sada', '<p>&nbsp;asdasda as dsaa s asd as aa</p>', 1, 0, 1, 0, '', NULL, 'vi', 0, NULL, '2019-08-10 16:32:09', '2019-08-22 08:48:16', '2019-08-22 08:48:16');
INSERT INTO `contents` VALUES (6, 6, 1, 'upload/contents/6.jpeg', 'Bai viet 6', 'bai-viet-6', 'Remember, Eloquent will automatically determine the proper foreign key column on the  Comment model.', '<p>A one-to-many relationship is used to define relationships where a single model owns any amount of other models. For example, a blog post may have an infinite number of comments. Like all other Eloquent relationships, one-to-many relationships are defined by placing a function on your Eloquent model:</p>', 1, 0, 0, 0, '', NULL, 'vi', 0, NULL, '2019-08-12 14:34:11', '2019-08-22 08:49:54', '2019-08-22 08:49:54');
INSERT INTO `contents` VALUES (7, 7, 1, 'upload/contents/7.jpeg', 'Bai viet 7', 'bai-viet-7', 'Remember, Eloquent will automatically determine the proper foreign key column on the  Comment model. By convention,', '<p>Eloquent will take the &quot;snake case&quot; name of the owning model and suffix it with _id. So, for this example, <s>Eloquent will assume the foreign key on the &nbsp;Comment model is post_id.</s></p>', 1, 0, 0, 0, '', NULL, 'vi', 0, NULL, '2019-08-12 14:36:24', '2019-08-22 09:22:20', '2019-08-22 09:22:20');
INSERT INTO `contents` VALUES (8, 8, 1, 'upload/contents/8.jpeg', 'bai viet 8', 'bai-viet-8', 'Remember, Eloquent will automatically determine the proper foreign key column', '<p>Remember, Eloquent will automatically determine the proper foreign key column on the&nbsp;<code>Comment</code>&nbsp;model. By convention, Eloquent will take the &quot;snake case&quot; name of the owning model and suffix it with&nbsp;<code>_id</code>. So, for this example, Eloquent will assume the foreign key on the&nbsp;<code>Comment</code>&nbsp;model is&nbsp;<code>post_id</code>.</p>', 1, 0, 0, 0, '', NULL, 'vi', 0, NULL, '2019-08-12 14:36:55', '2019-08-22 09:15:22', '2019-08-22 09:15:22');
INSERT INTO `contents` VALUES (9, 9, 1, 'upload/contents/9.jpeg', 'Bai viet 8', 'bai-viet-8', 'Remember, Eloquent will automatically determine the proper foreign key column on the Comment model. By convention', '<p>Remember, Eloquent will automatically determine the proper foreign key column on the&nbsp;<code>Comment</code>&nbsp;model. By convention, Eloquent will take the &quot;snake case&quot; name of the owning model and suffix it with&nbsp;<code>_id</code>. So, for this example, Eloquent will assume the foreign key on the&nbsp;<code>Comment</code>&nbsp;model is&nbsp;<code>post_id</code>.</p>', 1, 0, 0, 0, '', NULL, 'vi', 0, NULL, '2019-08-12 14:37:34', '2019-08-22 09:15:11', '2019-08-22 09:15:11');
INSERT INTO `contents` VALUES (10, 10, 1, 'upload/contents/10.jpeg', 'Bai viet 9', 'bai-viet-9', 'Remember, Eloquent will automatically determine the proper foreign key column on the Comme', '<p>Remember, Eloquent will automatically determine the proper foreign key column on the&nbsp;<code>Comment</code>&nbsp;model. By convention, Eloquent will take the &quot;snake case&quot; name of the owning model and suffix it with&nbsp;<code>_id</code>. So, for this example, Eloquent will assume the foreign key on the&nbsp;<code>Comment</code>&nbsp;model is&nbsp;<code>post_id</code>.</p>', 1, 0, 0, 0, '', NULL, 'vi', 0, NULL, '2019-08-12 14:38:36', '2019-08-22 09:15:02', '2019-08-22 09:15:02');
INSERT INTO `contents` VALUES (11, 11, 1, 'upload/contents/11.jpeg', 'Bai viet 10', 'bai-viet-10', 'The links method will render the links to the rest of the pages in the result set. Each of these links wil', '<p>The&nbsp;<code>links</code>&nbsp;method will render the links to the rest of the pages in the result set. Each of these links will already contain the proper&nbsp;<code>page</code>&nbsp;query string variable. Remember, the HTML generated by the&nbsp;<code>links</code>&nbsp;method is compatible with the&nbsp;<a href=\"https://getbootstrap.com/\">Bootstrap CSS framework</a>.</p>', 1, 0, 0, 0, '', NULL, 'vi', 0, NULL, '2019-08-12 14:46:32', '2019-08-22 09:14:52', '2019-08-22 09:14:52');
INSERT INTO `contents` VALUES (12, 12, 1, 'upload/contents/12.jpeg', 'danh muc 2 bai viet 1', 'danh-muc-2-bai-viet-1', 'orem ipsum dolor sit amet, consetetur sadipscing elitr, sed diam nonumy eirmod tempor invidunt.', '<p>You can modify the variables to your own custom values, or just use the mixins with their default values. Here&rsquo;s an example of using the default settings to create a two-column layout with a gap between.&nbsp;You can modify the variables to your own custom values, or just use the mixins with their default values. Here&rsquo;s an example of using the default settings to create a two-column layout with a gap between.</p>', 1, 0, 0, 0, '', NULL, 'vi', 0, NULL, '2019-08-13 10:23:30', '2019-08-22 09:14:41', '2019-08-22 09:14:41');
INSERT INTO `contents` VALUES (13, 13, 1, 'upload/contents/13.jpeg', 'danh muc 2 bai viet 2', 'danh-muc-2-bai-viet-2', 'You can modify the variables to your own custom values, or just use the mixins with their default values.', '<p>You can modify the variables to your own custom values, or just use the mixins with their default values. Here&rsquo;s an example of using the default settings to create a two-column layout with a gap between.You can modify the variables to your own custom values, or just use the mixins with their default values. Here&rsquo;s an example of using the default settings to create a two-column layout with a gap between.</p>', 1, 0, 0, 0, '', NULL, 'vi', 0, NULL, '2019-08-13 10:24:24', '2019-08-22 09:14:16', '2019-08-22 09:14:16');
INSERT INTO `contents` VALUES (14, 14, 1, 'upload/contents/14.jpeg', 'Danh muc 2 bai viet 3', 'danh-muc-2-bai-viet-3', 'You can modify the variables to your own custom values, or just use the mixins with their default values', '<p>You can mod<em><u>ify the variables to your own custom values, or just use the mixins with their default values. Here&rsquo;s an example of using the default settings to create a two-column layout with a gap between.You can modify the variables to your own custom values, or just use the mixins with t</u></em>heir default values. Here&rsquo;s an example of using the default settings to create a two-column layout with a gap between.You can modify the variables to your own custom values, or just use the mixins with their default values. Here&rsquo;s an example of using the default settings to create a two-column layout with a gap between.</p>', 1, 0, 0, 0, '', NULL, 'vi', 0, NULL, '2019-08-13 10:25:00', '2019-08-22 09:14:04', '2019-08-22 09:14:04');
INSERT INTO `contents` VALUES (15, 15, 1, 'upload/contents/15.jpeg', 'Danh muc 2 bai viet 4', 'danh-muc-2-bai-viet-4', 'You can modify the variables to your own custom values, or just use the mixins with their default val', '<p>You can modify the variables to your own custom values, or just use the mixins with their default values. Here&rsquo;s an example of using the default settings to create a two-column layout with a gap between.You can modify the variables to your own custom values, or just use the mixins with their default values. Here&rsquo;s an example of using the default settings to create a two-column layout with a gap between.You can modify the variables to your own custom values, or just use the mixins with their default values. Here&rsquo;s an example of using the default settings to create a two-column layout with a gap between.</p>', 1, 0, 0, 0, '', NULL, 'vi', 0, NULL, '2019-08-13 10:25:23', '2019-08-21 17:06:05', '2019-08-21 17:06:05');
INSERT INTO `contents` VALUES (16, 16, 1, 'upload/contents/16.gif', 'Giá cá tra tăng vọt lần nữa khi nguyên liệu hạn chế', 'gia-ca-tra-tang-vot-lan-nua-khi-nguyen-lieu-han-che', 'Các doanh nghiệp xuất khẩu cá tra thích ứng linh hoạt và phản ứng có kinh nghiệm trước các rào cản, cạnh tranh thương mại. Ngoài ra, để đạt được thành công như năm 2018, ngành cá tra được sự quan tâm của các ban ngành và ngành hàng cá tra trong việc quan tâm thúc đẩy phát triển thị trường nội địa.', '<p>Năm 2018, ng&agrave;nh h&agrave;ng c&aacute; tra đ&atilde; c&oacute; sự đột ph&aacute; về gi&aacute; trị xuất khẩu, vượt mốc tr&ecirc;n 2 tỷ USD, sản lượng nguy&ecirc;n liệu đạt tr&ecirc;n 1,3 triệu tấn, gi&aacute; c&aacute; tra nguy&ecirc;n liệu đạt ở mức cao tr&ecirc;n 35.000đ/kg, xuất khẩu cũng c&oacute; t&iacute;n hiệu khả quan. Với thị trường Trung Quốc tăng cao, k&egrave;m theo thị trường Mỹ với thuế chống b&aacute;n ph&aacute; gi&aacute; sơ bộ POR 14 thấp hơn, cũng như FSIS đ&atilde; c&ocirc;ng nhận v&agrave; đề xuất c&ocirc;ng nhận c&aacute; tra Việt Nam đủ điều kiện xuất sang thị trường Mỹ.</p>\r\n\r\n<p>Theo &ocirc;ng Dương Nghĩa Quốc, thời gian qua, c&aacute;c doanh nghiệp xuất khẩu c&aacute; tra th&iacute;ch ứng linh hoạt v&agrave; phản ứng c&oacute; kinh nghiệm trước c&aacute;c r&agrave;o cản, cạnh tranh thương mại. Ngo&agrave;i ra, để đạt được th&agrave;nh c&ocirc;ng như năm 2018, ng&agrave;nh c&aacute; tra được sự quan t&acirc;m của c&aacute;c ban ng&agrave;nh v&agrave; ng&agrave;nh h&agrave;ng c&aacute; tra trong việc quan t&acirc;m th&uacute;c đẩy ph&aacute;t triển thị trường nội địa.</p>\r\n\r\n<p>Tuy nhi&ecirc;n ngo&agrave;i những th&agrave;nh c&ocirc;ng tr&ecirc;n, ng&agrave;nh c&aacute; tra năm 2018 c&ograve;n gặp phải những kh&oacute; khăn th&aacute;ch thức. Nhiều doanh nghiệp xuất khẩu c&aacute; tra gặp nhiều r&agrave;o cản trong việc cạnh tranh thương mại. Trong khi đ&oacute;, chất lượng giống c&aacute; tra ng&agrave;y c&agrave;ng suy giảm, dự b&aacute;o nhu cầu về sản lượng c&aacute; nguy&ecirc;n liệu c&oacute; thể tăng l&ecirc;n 2 triệu tấn sau 3-4 năm sắp tới.</p>\r\n\r\n<table border=\"0\" cellpadding=\"0\" cellspacing=\"0\">\r\n	<tbody>\r\n		<tr>\r\n			<td><img alt=\"nganh ca tra viet nam tap trung con giong mo rong thi truong xuat khau\" src=\"https://congthuong.vn/stores/news_dataimages/mn_ty/012019/18/14/0301_Hinh_Ca_tra1_.jpg\" title=\"Ngành cá tra Việt Nam: Tập trung mở rộng thị trường xuất khẩu\" /></td>\r\n		</tr>\r\n		<tr>\r\n			<td>Để c&oacute; sản phẩm c&aacute; tra chất lượng cần phải tập trung từ kh&acirc;u con giống</td>\r\n		</tr>\r\n	</tbody>\r\n</table>\r\n\r\n<p><strong>Cải thiện chất lượng giống</strong></p>\r\n\r\n<p>Theo &ocirc;ng Dương Nghĩa Quốc, việc gia tăng sản lượng nguy&ecirc;n liệu trong thời gian tới b&ecirc;n cạnh việc phải đảm bảo về chất lượng sản phẩm, gi&aacute; th&agrave;nh hợp l&yacute;, đồng thời cũng quan t&acirc;m đến vấn đề m&ocirc;i trường trong sản xuất.</p>\r\n\r\n<p>&quot;Việc th&uacute;c đẩy chất lượng ng&agrave;nh h&agrave;ng c&aacute; tra được tập trung v&agrave;o việc cải thiện chất lượng con giống như quy tr&igrave;nh ương, sử dụng chế phẩm sinh học, vắc xin để tăng sức đề kh&aacute;ng cho c&aacute; giống. Trong kh&acirc;u nu&ocirc;i thương phẩm, phải gắn việc cải thiện chất lượng m&ocirc;i trường với giải ph&aacute;p xử l&yacute; chất thải, ứng dụng IoT trong kiểm so&aacute;t m&ocirc;i trường tự động để n&acirc;ng cao năng suất, đồng thời hạ gi&aacute; th&agrave;nh sản phẩm, sử dụng c&ocirc;ng nghệ th&acirc;n thiện m&ocirc;i trường nhằm tăng sức cạnh tranh&quot;, &ocirc;ng Dương Nghĩa Quốc cho biết th&ecirc;m.</p>\r\n\r\n<p>Năm 2019 Hiệp hội c&aacute; tra Việt Nam sẽ tập trung v&agrave;o con giống v&agrave; mở rộng thị trường xuất khẩu. Ngo&agrave;i ra ng&agrave;nh sẽ tiếp tục đẩy mạnh sản xuất, ph&aacute;t triển thị trường ti&ecirc;u thụ, th&uacute;c đẩy tăng trưởng bền vững, t&iacute;ch cực hội nhập quốc tế, x&acirc;y dựng ch&iacute;nh s&aacute;ch v&agrave; đẩy mạnh cải c&aacute;ch h&agrave;nh ch&iacute;nh.</p>\r\n\r\n<p>B&ecirc;n cạnh đ&oacute;, hiệp hội sẽ thực hiện nghi&ecirc;m quy định về đ&aacute;nh bắt v&agrave; truy xuất nguồn gốc thủy sản, sớm giải quyết vấn đề &aacute;p &ldquo;thẻ v&agrave;ng&rdquo; của EU; đồng thời h&agrave;i h&ograve;a h&oacute;a c&aacute;c quy định về kiểm so&aacute;t thủy sản theo th&ocirc;ng lệ quốc tế.</p>', 1, 0, 0, 0, '', NULL, 'vi', 0, NULL, '2019-08-13 11:01:41', '2019-08-22 10:35:06', NULL);
INSERT INTO `contents` VALUES (17, 17, 1, 'upload/contents/17.jpeg', 'Thủy sản cần tăng lợi nhuận biên thông qua chế biến và phân phối', 'thuy-san-can-tang-loi-nhuan-bien-thong-qua-che-bien-va-phan-phoi', 'Năm 2018, ngành hàng cá tra đã có sự đột phá về giá trị xuất khẩu, vượt mốc trên 2 tỷ USD, sản lượng nguyên liệu đạt trên 1,3 triệu tấn, giá cá tra nguyên liệu đạt ở mức cao trên 35.000đ/kg, xuất khẩu cũng có tín hiệu khả quan. Với thị trường Trung Quốc tăng cao, kèm theo thị trường Mỹ với thuế chống bán phá giá sơ bộ POR 14 thấp hơn, cũng như FSIS đã công nhận và đề xuất công nhận cá tra Việt Nam đủ điều kiện xuất sang thị trường Mỹ.', '<p>Năm 2018, ng&agrave;nh h&agrave;ng c&aacute; tra đ&atilde; c&oacute; sự đột ph&aacute; về gi&aacute; trị xuất khẩu, vượt mốc tr&ecirc;n 2 tỷ USD, sản lượng nguy&ecirc;n liệu đạt tr&ecirc;n 1,3 triệu tấn, gi&aacute; c&aacute; tra nguy&ecirc;n liệu đạt ở mức cao tr&ecirc;n 35.000đ/kg, xuất khẩu cũng c&oacute; t&iacute;n hiệu khả quan. Với thị trường Trung Quốc tăng cao, k&egrave;m theo thị trường Mỹ với thuế chống b&aacute;n ph&aacute; gi&aacute; sơ bộ POR 14 thấp hơn, cũng như FSIS đ&atilde; c&ocirc;ng nhận v&agrave; đề xuất c&ocirc;ng nhận c&aacute; tra Việt Nam đủ điều kiện xuất sang thị trường Mỹ.</p>\r\n\r\n<p>Theo &ocirc;ng Dương Nghĩa Quốc, thời gian qua, c&aacute;c doanh nghiệp xuất khẩu c&aacute; tra th&iacute;ch ứng linh hoạt v&agrave; phản ứng c&oacute; kinh nghiệm trước c&aacute;c r&agrave;o cản, cạnh tranh thương mại. Ngo&agrave;i ra, để đạt được th&agrave;nh c&ocirc;ng như năm 2018, ng&agrave;nh c&aacute; tra được sự quan t&acirc;m của c&aacute;c ban ng&agrave;nh v&agrave; ng&agrave;nh h&agrave;ng c&aacute; tra trong việc quan t&acirc;m th&uacute;c đẩy ph&aacute;t triển thị trường nội địa.</p>\r\n\r\n<p>Tuy nhi&ecirc;n ngo&agrave;i những th&agrave;nh c&ocirc;ng tr&ecirc;n, ng&agrave;nh c&aacute; tra năm 2018 c&ograve;n gặp phải những kh&oacute; khăn th&aacute;ch thức. Nhiều doanh nghiệp xuất khẩu c&aacute; tra gặp nhiều r&agrave;o cản trong việc cạnh tranh thương mại. Trong khi đ&oacute;, chất lượng giống c&aacute; tra ng&agrave;y c&agrave;ng suy giảm, dự b&aacute;o nhu cầu về sản lượng c&aacute; nguy&ecirc;n liệu c&oacute; thể tăng l&ecirc;n 2 triệu tấn sau 3-4 năm sắp tới.</p>\r\n\r\n<table border=\"0\" cellpadding=\"0\" cellspacing=\"0\">\r\n	<tbody>\r\n		<tr>\r\n			<td><img alt=\"nganh ca tra viet nam tap trung con giong mo rong thi truong xuat khau\" src=\"https://congthuong.vn/stores/news_dataimages/mn_ty/012019/18/14/0301_Hinh_Ca_tra1_.jpg\" title=\"Ngành cá tra Việt Nam: Tập trung mở rộng thị trường xuất khẩu\" /></td>\r\n		</tr>\r\n		<tr>\r\n			<td>Để c&oacute; sản phẩm c&aacute; tra chất lượng cần phải tập trung từ kh&acirc;u con giống</td>\r\n		</tr>\r\n	</tbody>\r\n</table>\r\n\r\n<p><strong>Cải thiện chất lượng giống</strong></p>\r\n\r\n<p>Theo &ocirc;ng Dương Nghĩa Quốc, việc gia tăng sản lượng nguy&ecirc;n liệu trong thời gian tới b&ecirc;n cạnh việc phải đảm bảo về chất lượng sản phẩm, gi&aacute; th&agrave;nh hợp l&yacute;, đồng thời cũng quan t&acirc;m đến vấn đề m&ocirc;i trường trong sản xuất.</p>\r\n\r\n<p>&quot;Việc th&uacute;c đẩy chất lượng ng&agrave;nh h&agrave;ng c&aacute; tra được tập trung v&agrave;o việc cải thiện chất lượng con giống như quy tr&igrave;nh ương, sử dụng chế phẩm sinh học, vắc xin để tăng sức đề kh&aacute;ng cho c&aacute; giống. Trong kh&acirc;u nu&ocirc;i thương phẩm, phải gắn việc cải thiện chất lượng m&ocirc;i trường với giải ph&aacute;p xử l&yacute; chất thải, ứng dụng IoT trong kiểm so&aacute;t m&ocirc;i trường tự động để n&acirc;ng cao năng suất, đồng thời hạ gi&aacute; th&agrave;nh sản phẩm, sử dụng c&ocirc;ng nghệ th&acirc;n thiện m&ocirc;i trường nhằm tăng sức cạnh tranh&quot;, &ocirc;ng Dương Nghĩa Quốc cho biết th&ecirc;m.</p>\r\n\r\n<p>Năm 2019 Hiệp hội c&aacute; tra Việt Nam sẽ tập trung v&agrave;o con giống v&agrave; mở rộng thị trường xuất khẩu. Ngo&agrave;i ra ng&agrave;nh sẽ tiếp tục đẩy mạnh sản xuất, ph&aacute;t triển thị trường ti&ecirc;u thụ, th&uacute;c đẩy tăng trưởng bền vững, t&iacute;ch cực hội nhập quốc tế, x&acirc;y dựng ch&iacute;nh s&aacute;ch v&agrave; đẩy mạnh cải c&aacute;ch h&agrave;nh ch&iacute;nh.</p>\r\n\r\n<p>B&ecirc;n cạnh đ&oacute;, hiệp hội sẽ thực hiện nghi&ecirc;m quy định về đ&aacute;nh bắt v&agrave; truy xuất nguồn gốc thủy sản, sớm giải quyết vấn đề &aacute;p &ldquo;thẻ v&agrave;ng&rdquo; của EU; đồng thời h&agrave;i h&ograve;a h&oacute;a c&aacute;c quy định về kiểm so&aacute;t thủy sản theo th&ocirc;ng lệ quốc tế.</p>', 1, 0, 0, 0, '', NULL, 'vi', 0, NULL, '2019-08-13 11:01:58', '2019-08-22 10:35:25', NULL);
INSERT INTO `contents` VALUES (18, 18, 1, 'upload/contents/18.jpeg', 'Công ty cá rô phi Hải Nam chịu lùi lại công trình vùng nuôi RAS', 'cong-ty-ca-ro-phi-hai-nam-chiu-lui-lai-cong-trinh-vung-nuoi-ras', 'Xung quanh mô hình cổ điển: Vật Nuôi – Mầm Bệnh – Môi Trường, các công nghệ và kỹ thuật quản lý mới đã được phát triển nhằm kiểm soát bệnh tốt hơn như: tiêm vắc-xin nhằm giảm kháng sinh sử dụng, an toàn sinh học trong trại giống và trang trại, công nghệ biofloc. Các công nghệ này đã được chứng minh thành công, việc mở rộng áp dụng và tiếp tục phát triển chúng chắc chắn sẽ cải thiện cách nuôi trồng thủy sản.', '<p>Xung quanh m&ocirc; h&igrave;nh cổ điển: Vật Nu&ocirc;i &ndash; Mầm Bệnh &ndash; M&ocirc;i Trường, c&aacute;c c&ocirc;ng nghệ v&agrave; kỹ thuật quản l&yacute; mới đ&atilde; được ph&aacute;t triển nhằm kiểm so&aacute;t bệnh tốt hơn như: ti&ecirc;m vắc-xin nhằm giảm kh&aacute;ng sinh sử dụng, an to&agrave;n sinh học trong trại giống v&agrave; trang trại, c&ocirc;ng nghệ biofloc. C&aacute;c c&ocirc;ng nghệ n&agrave;y đ&atilde; được chứng minh th&agrave;nh c&ocirc;ng, việc mở rộng &aacute;p dụng v&agrave; tiếp tục ph&aacute;t triển ch&uacute;ng chắc chắn sẽ cải thiện c&aacute;ch nu&ocirc;i trồng thủy sản.</p>\r\n\r\n<p>Một chiến lược kh&aacute;c l&agrave; tăng sức khỏe vật nu&ocirc;i th&ocirc;ng qua thức ăn, ch&uacute;ng ta sẽ thảo luận n&oacute; trong tạp ch&iacute; n&agrave;y. Chế độ dinh dưỡng c&acirc;n đối sẽ cải thiện được t&igrave;nh trạng sức khỏe của c&aacute; hoặc t&ocirc;m. Trong t&igrave;nh h&igrave;nh &aacute;p lực như nhiễm mầm bệnh, th&igrave; việc sử dụng Sản phẩm k&iacute;ch th&iacute;ch miễn dịch c&oacute; thể được xem x&eacute;t để gi&uacute;p vật nu&ocirc;i tăng cường ph&ograve;ng vệ.</p>\r\n\r\n<p>Khi nghi&ecirc;n cứu, ta thấy rằng miễn dịch của động vật thủy sinh kh&ocirc;ng chỉ kh&aacute;c nhau giữa ch&uacute;ng v&agrave; động vật c&oacute; v&uacute; m&agrave; c&ograve;n giữa c&aacute; v&agrave; gi&aacute;p x&aacute;c. C&aacute; l&agrave; nh&oacute;m đầu ti&ecirc;n c&oacute; hệ thống miễn dịch đặc hiệu xuất hiện trong chuỗi tiến h&oacute;a. Do đ&oacute;, hệ thống n&agrave;y hoạt động k&eacute;m hơn ở động vật c&oacute; v&uacute; (xem Tort et al 2003). N&oacute; &iacute;t đặc hiệu hơn; &iacute;t nhạy cảm hơn v&agrave; chỉ c&oacute; một loại kh&aacute;ng thể (IgM). C&aacute; l&agrave; động vật biến nhiệt, n&oacute; phụ thuộc nhiều v&agrave;o nhiệt độ, nhiệt độ thấp l&agrave;m chậm phản ứng miễn dịch l&ecirc;n đến 10 đến 12 tuần. C&aacute; dựa nhiều v&agrave;o hệ thống miễn dịch kh&ocirc;ng đặc hiệu (c&ograve;n được gọi l&agrave; miễn dịch bẩm sinh) để chống lại mầm bệnh.</p>\r\n\r\n<p>Hệ thống miễn dịch bẩm sinh nhận ra c&aacute;c nh&acirc;n tố c&oacute; hại b&ecirc;n ngo&agrave;i hay mầm bệnh th&ocirc;ng qua PAMP, việc nhận dạng n&agrave;y nhờ v&agrave;o c&aacute;c thụ thể nhận dạng (PRR) hoặc protein nhận dạng (PRP). Miễn dịch bẩm sinh của c&aacute; với h&agrave;ng r&agrave;o bảo vệ đầu ti&ecirc;n l&agrave; chất nhầy, n&oacute; bẫy c&aacute;c mầm bệnh, sau đ&oacute; c&aacute;c lysozyme, peptide kh&aacute;ng khuẩn c&oacute; thể loại bỏ mầm bệnh. Bạch cầu trung t&iacute;nh v&agrave; đại thực b&agrave;o l&agrave; c&aacute;c tế b&agrave;o quan trọng của hệ thống miễn dịch bẩm sinh v&igrave; ch&uacute;ng c&oacute; thể nuốt (thực b&agrave;o) mầm bệnh (một cơ chế kh&ocirc;ng phụ thuộc v&agrave;o nhiệt độ) v&agrave; giải ph&oacute;ng c&aacute;c chất g&acirc;y độc cho mầm bệnh. Ho&agrave;n tất miễn dịch tế b&agrave;o, miễn dịch dịch thể li&ecirc;n quan đến sự tổng hợp v&agrave; giải ph&oacute;ng c&aacute;c th&agrave;nh phần kh&aacute;ng khuẩn.</p>\r\n\r\n<p>Ở t&ocirc;m thậm ch&iacute; c&ograve;n đơn giản hơn v&igrave; ch&uacute;ng chỉ dựa v&agrave;o khả năng miễn dịch bẩm sinh, ch&uacute;ng t&ocirc;i thấy loại cơ chế tương tự như ở c&aacute; với sự thực b&agrave;o th&ocirc;ng qua Bạch cầu hạt &nbsp;(một dạng cụ thể của tế b&agrave;o m&aacute;u) v&agrave; phản ứng thể dịch. Tuy nhi&ecirc;n, cơ chế hiệu quả nhất của động vật kh&ocirc;ng xương sống (ch&acirc;n đốt) l&agrave; bao bọc t&aacute;c nh&acirc;n g&acirc;y hại bằng sắc tố melanin kh&aacute;ng khuẩn. Điều n&agrave;y đ&ograve;i hỏi kết hợp của sự tuần ho&agrave;n m&aacute;u v&agrave; hoạt t&iacute;nh của enzyme phenoloxidase. Sự nhận biết PAMPs như LPS v&agrave; &beta;-1,3 glucans của PRP l&agrave; một bước quan trọng để k&iacute;ch hoạt prophenoloxidase.</p>\r\n\r\n<p>Việc k&iacute;ch th&iacute;ch hệ thống miễn dịch bẩm sinh, nhằm đẩy nhanh tốc độ v&agrave; hiệu quả, beta glucans đ&atilde; được nghi&ecirc;n cứu trong một thời gian d&agrave;i v&agrave; dường như l&agrave; chất k&iacute;ch th&iacute;ch miễn dịch l&yacute; tưởng trong nu&ocirc;i trồng thủy sản (Meena et al 2013 v&agrave; Ringo et al, 2012) v&igrave; ch&uacute;ng c&oacute; thể k&iacute;ch hoạt c&aacute;c đại thực b&agrave;o ở c&aacute; v&agrave; prophenoloxidase tr&ecirc;n t&ocirc;m.</p>\r\n\r\n<p>Mảnh của v&aacute;ch tế b&agrave;o, chẳng hạn như Safmannan&reg; được chiết xuất từ ​​một chủng chọn lọc Saccharomyces cerevisiae tu&acirc;n thủ c&aacute;c ti&ecirc;u chuẩn kiểm so&aacute;t sản xuất nghi&ecirc;m ngặt của EU. Ch&uacute;ng c&oacute; chứa beta glucans, mannan oligosacharit l&agrave; c&aacute;c chất k&iacute;ch hoạt của hệ thống miễn dịch (Song et al 2014).</p>\r\n\r\n<p>C&aacute;c thử nghiệm nội bộ trước đ&acirc;y đ&atilde; chỉ ra rằng v&aacute;ch tế b&agrave;o nấm men v&agrave; c&aacute;c mảnh của v&aacute;ch tế b&agrave;o c&oacute; t&aacute;c dụng kh&aacute;c nhau trong &nbsp;hấp thụ độc tố v&agrave; miễn dịch ở động vật thủy sản. Thực tế, một số thử nghiệm được thực hiện tại Trung t&acirc;m nghi&ecirc;n cứu Hellenic Center for Marine ở Hy Lạp đ&atilde; chỉ ra rằng c&aacute;c sản phẩm mảnh tế b&agrave;o c&oacute; tỷ lệ manna / glucan tương tự c&ocirc;ng ty Phileo (nh&aacute;nh kinh doanh trong lĩnh vực chăm s&oacute;c sức khỏe vật nu&ocirc;i của tạp đo&agrave;n Lesaffre) c&oacute; t&aacute;c dụng rất kh&aacute;c nhau trong việc k&iacute;ch th&iacute;ch c&aacute;c th&ocirc;ng số miễn dịch v&agrave; tỷ lệ sống s&oacute;t sau khi g&acirc;y nhiễm Vibrio anguillarum. Kh&ocirc;ng chỉ h&agrave;m lượng mannan, B-glucan c&oacute; tầm quan trọng, m&agrave; chủng nấm men, qu&aacute; tr&igrave;nh sấy kh&ocirc; cũng l&agrave; những yếu tố ch&iacute;nh ảnh hưởng đến hiệu quả của sản phẩm tr&ecirc;n vật nu&ocirc;i. Trong thử nghiệm, ba liều lượng nấm men kh&aacute;c nhau được sử dụng để đ&aacute;nh gi&aacute; t&aacute;c động v&agrave; khả năng cải thiện miễn dịch. Một điều r&uacute;t ra ở đ&acirc;y l&agrave; Nguồn gốc sản phẩm, chất lượng, liều lượng v&agrave; thời gian sử dụng đều c&oacute; li&ecirc;n quan với nhau.</p>\r\n\r\n<p>Một thử nghiệm đ&atilde; được thực hiện để nghi&ecirc;n cứu phản ứng của Safmannan ở những liều kh&aacute;c tr&ecirc;n sinh vật biển. Với 2 mục ti&ecirc;u:</p>\r\n\r\n<ol>\r\n	<li>Điều tra ảnh hưởng của mảnh v&aacute;ch tế b&agrave;o trong khẩu phần với lượng bột c&aacute; giảm</li>\r\n	<li>X&aacute;c định liều lượng cần thiết để đạt được đ&aacute;p ứng miễn dịch tối ưu (Yu et al 2014).</li>\r\n</ol>\r\n\r\n<p>S&aacute;u khẩu phần ăn được thiết kế (bảng 1) với một chế độ ăn nhiều bột c&aacute; (38,5%), kh&ocirc;ng c&oacute; bột đậu n&agrave;nh (HFM) v&agrave; 5 chế độ ăn với 25% bột c&aacute; v&agrave; 20% bột đậu n&agrave;nh. Năm khẩu phần ăn n&agrave;y được bổ sung 0, 250, 500, 1000 v&agrave; 2000 g /T Safmannan&reg;.</p>\r\n\r\n<p>Bảng 1: C&ocirc;ng thức v&agrave; th&agrave;nh phần thức ăn th&iacute; nghiệm (%).</p>\r\n\r\n<p><img alt=\"\" src=\"https://pangasiusmap.com/public/upload/6f49cc709f719bf7a569ad8b2c35dfca/5.%20fish%20meal.jpg\" style=\"height:272px; width:550px\" /></p>\r\n\r\n<p>C&aacute; chẽm Nhật (18g) được chọn, cho v&agrave;o bể 280 L sau 24 giờ bỏ đ&oacute;i, 30 con/ bể, v&agrave; s&aacute;u bể mỗi lần xử l&yacute;. Duy tr&igrave; nhiệt độ nước, c&aacute; được cho ăn no 2 lần/ ng&agrave;y l&uacute;c 08:00 v&agrave; 15:00 trong 72 ng&agrave;y. Cuối chu kỳ xử l&yacute;, c&aacute; được g&acirc;y m&ecirc; để c&acirc;n, lấy mẫu nội tạng v&agrave; m&aacute;u.</p>\r\n\r\n<p>Lấy mẫu ruột của 2 con c&aacute;/ bể ở c&aacute;c nh&oacute;m FM, Y0, Y4 v&agrave; Y5 v&agrave;o cuối thử nghiệm (12 con/ nghiệm thức), xử l&yacute; để ph&acirc;n t&iacute;ch m&ocirc; học (nhuộm H &amp; E). C&aacute;c th&ocirc;ng số h&igrave;nh th&aacute;i li&ecirc;n quan đến ruột trước v&agrave; ruột sau bao gồm chiều cao của nếp gấp ni&ecirc;m mạc, chiều rộng của nếp gấp ni&ecirc;m mạc, lớp đệm ni&ecirc;m mạc, v&agrave; m&ocirc; li&ecirc;n kết.</p>\r\n\r\n<p>Sau khi lấy mẫu xong, 40 con c&aacute;/ nghiệm thức (6 - 7 con/ bể) được chia th&agrave;nh 2 nh&oacute;m v&agrave; chuyển v&agrave;o hệ thống nước tĩnh với nhiệt độ ở 26 &plusmn; 1 &deg; C. Cho c&aacute; ăn như trước v&agrave; hồi phục căng thẳng 2 tuần do việc c&acirc;n v&agrave; lấy mẫu. Sau đ&oacute;, g&acirc;y nhiễm Aeromonas veronii (CGMCC số 4274) bằng c&aacute;ch ti&ecirc;m bắp 8 &times; 10<sup>4</sup>&nbsp;tế b&agrave;o/ 100 g trọng lượng cơ thể. Lấy 10 con c&aacute;/bể để thử c&aacute;c th&ocirc;ng số miễn dịch sau 2 ng&agrave;y g&acirc;y nhiễm, c&aacute;c con kh&aacute;c (20 con/nghiệm thức), kh&ocirc;ng cho ăn v&agrave; ghi nhận tỷ lệ sống t&iacute;ch lũy trong 7 ng&agrave;y.</p>\r\n\r\n<p>Nghi&ecirc;n cứu n&agrave;y cho thấy, khẩu phần ăn với bột đậu n&agrave;nh (SBM) c&oacute; mức tăng trưởng thấp hơn so với khẩu phần ăn c&oacute; nhiều bột c&aacute; (HFM), tuy nhi&ecirc;n mức tăng trưởng ở mức 2kg/tấn thức ăn l&agrave; tốt hơn nhiều so với liều 500g/tấn thức ăn. Kết quả n&agrave;y tương quan với chiều cao v&agrave; chiều rộng của nếp gấp ni&ecirc;m mạc ruột trước, ruột sau trong chế độ ăn SBM so với chế độ ăn HFM. N&oacute; cho thấy Safmannan&reg; ở mức 2kg/ T c&oacute; thể hỗ trợ bột đậu n&agrave;nh v&agrave; tăng sức khỏe đường ruột từ đ&oacute; gi&uacute;p vật nu&ocirc;i tăng trưởng tốt hơn.</p>\r\n\r\n<p><img alt=\"\" src=\"https://pangasiusmap.com/public/upload/6f49cc709f719bf7a569ad8b2c35dfca/1.%20trong%20luong%20co%20the.jpg\" style=\"height:312px; width:550px\" /></p>\r\n\r\n<p><img alt=\"\" src=\"https://pangasiusmap.com/public/upload/6f49cc709f719bf7a569ad8b2c35dfca/2%20Chieu%20cao%20nep%20gap%20niem%20mac.jpg\" /></p>\r\n\r\n<p>Nghi&ecirc;n cứu cũng chỉ ra rằng, nồng độ IgM tăng đ&aacute;ng kể sau khi g&acirc;y nhiễm vi khuẩn trong khẩu phần c&oacute; mảnh tế b&agrave;o nấm men ở mức 500g/ T (H&igrave;nh 2) cho thấy k&iacute;ch th&iacute;ch miễn dịch mạnh. V&agrave; nồng độ IgM giảm khi h&agrave;m lượng nấm men tăng l&ecirc;n, điều n&agrave;y c&agrave;ng r&otilde; hơn khi ta quan s&aacute;t tỷ lệ sống cuối th&iacute; nghiệm. Như vậy liều tối ưu để tăng tỷ lệ sống l&agrave; 500g/ tấn thức ăn, liều n&agrave;y l&agrave; tối ưu để k&iacute;ch th&iacute;ch miễn dịch cũng l&agrave; liều cho mức tăng trưởng thấp nhất, x&aacute;c nhận giả thuyết rằng sự k&iacute;ch th&iacute;ch mạnh l&ecirc;n hệ thống miễn dịch th&igrave; th&igrave; c&oacute; thể l&agrave;m chậm tốc độ tăng trưởng.</p>\r\n\r\n<p><img alt=\"\" src=\"https://pangasiusmap.com/public/upload/6f49cc709f719bf7a569ad8b2c35dfca/3.ugml.jpg\" /></p>\r\n\r\n<p><img alt=\"\" src=\"https://pangasiusmap.com/public/upload/6f49cc709f719bf7a569ad8b2c35dfca/4.%20ty%20le%20song.jpg\" /></p>\r\n\r\n<table cellpadding=\"0\" cellspacing=\"0\">\r\n	<tbody>\r\n		<tr>\r\n			<td>\r\n			<table cellpadding=\"0\" cellspacing=\"0\" style=\"width:100%\">\r\n				<tbody>\r\n					<tr>\r\n						<td>\r\n						<p><em>Figure 2 Th&ocirc;ng&nbsp; số miễn dịch v&agrave; tỷ lệ chết t&iacute;ch lũy trong th&iacute; nghiệm với mảnh v&aacute;ch tế b&agrave;o.</em></p>\r\n\r\n						<p><em>Kh&aacute;c biệt l&agrave; c&oacute; &yacute; nghĩa (P&lt;0.05) giữa c&aacute;c nghiệm thức, Dấu hoa thị thể hiện sự kh&aacute;c biệt về thời gian. Đối với nghiệm thức g&acirc;y nhiễm vi khuẩn&nbsp; Safmannan 500 c&oacute; kh&aacute;c biệt &yacute; nghĩa so với đối đối chứng ( P&lt;0.05)</em></p>\r\n\r\n						<p><em>&nbsp;(Yu et al 2014).</em></p>\r\n						</td>\r\n					</tr>\r\n				</tbody>\r\n			</table>\r\n			</td>\r\n		</tr>\r\n	</tbody>\r\n</table>\r\n\r\n<p>T&oacute;m lại, nghi&ecirc;n cứu n&agrave;y nhấn mạnh vai tr&ograve; của Safmannan tr&ecirc;n c&aacute; t&ugrave;y thuộc v&agrave;o liều lượng v&agrave; th&agrave;nh phần thức ăn:</p>\r\n\r\n<ol>\r\n	<li>N&oacute; c&oacute; thể được sử dụng l&agrave;m chất tăng cường sức khỏe đường ruột, cải thiện tăng trưởng (liều cao)</li>\r\n	<li>Hoặc chất tăng cường miễn dịch (liều thấp).</li>\r\n</ol>\r\n\r\n<p>C&aacute;c chuy&ecirc;n gia c&ocirc;ng c&ocirc;ng thức v&agrave; người nu&ocirc;i chắc chắn sẽ c&oacute; lợi từ hiệu quả của giải ph&aacute;p bền vững n&agrave;y trong việc chống lại mầm bệnh, họ chỉ cần lựa chọn sản phẩm chất lượng v&agrave; sử dụng ở liều lượng th&iacute;ch hợp (như đ&atilde; được chứng minh).</p>', 1, 0, 0, 0, '', NULL, 'vi', 0, NULL, '2019-08-13 11:02:21', '2019-08-22 10:35:38', NULL);
INSERT INTO `contents` VALUES (19, 19, 1, 'upload/contents/19.png', 'Phát triển bền vững nghề nuôi cá tra qua ứng dụng E-Map', 'phat-trien-ben-vung-nghe-nuoi-ca-tra-qua-ung-dung-e-map', 'Trong khâu nuôi thương phẩm, phải gắn việc cải thiện chất lượng môi trường với giải pháp xử lý chất thải, ứng dụng IoT trong kiểm soát môi trường tự động để nâng cao năng suất, đồng thời hạ giá thành sản phẩm, sử dụng công nghệ thân thiện môi trường nhằm tăng sức cạnh tranh', '<p>Việc th&uacute;c đẩy chất lượng ng&agrave;nh h&agrave;ng c&aacute; tra được tập trung v&agrave;o việc cải thiện chất lượng con giống như quy tr&igrave;nh ương, sử dụng chế phẩm sinh học, vắc xin để tăng sức đề kh&aacute;ng cho c&aacute; giống. Trong kh&acirc;u nu&ocirc;i thương phẩm, phải gắn việc cải thiện chất lượng m&ocirc;i trường với giải ph&aacute;p xử l&yacute; chất thải, ứng dụng IoT trong kiểm so&aacute;t m&ocirc;i trường tự động để n&acirc;ng cao năng suất, đồng thời hạ gi&aacute; th&agrave;nh sản phẩm, sử dụng c&ocirc;ng nghệ th&acirc;n thiện m&ocirc;i trường nhằm tăng sức cạnh tranh</p>', 1, 0, 0, 0, '', NULL, 'vi', 0, NULL, '2019-08-13 11:02:51', '2019-08-22 10:35:51', NULL);
INSERT INTO `contents` VALUES (20, 20, 1, 'upload/contents/20.jpeg', 'Mekong Chef 2018: Mời tham dự khai mạc và tham quan hội thi ngày 03/11/2018 tại TP Cần Thơ', 'mekong-chef-2018-moi-tham-du-khai-mac-va-tham-quan-hoi-thi-ngay-03112018-tai-tp-can-tho', 'Việc thúc đẩy chất lượng ngành hàng cá tra được tập trung vào việc cải thiện chất lượng con giống như quy trình ương, sử dụng chế phẩm sinh học, vắc xin để tăng sức đề kháng cho cá giống.', '<p>Việc th&uacute;c đẩy chất lượng ng&agrave;nh h&agrave;ng c&aacute; tra được tập trung v&agrave;o việc cải thiện chất lượng con giống như quy tr&igrave;nh ương, sử dụng chế phẩm sinh học, vắc xin để tăng sức đề kh&aacute;ng cho c&aacute; giống. Trong kh&acirc;u nu&ocirc;i thương phẩm, phải gắn việc cải thiện chất lượng m&ocirc;i trường với giải ph&aacute;p xử l&yacute; chất thải, ứng dụng IoT trong kiểm so&aacute;t m&ocirc;i trường tự động để n&acirc;ng cao năng suất, đồng thời hạ gi&aacute; th&agrave;nh sản phẩm, sử dụng c&ocirc;ng nghệ th&acirc;n thiện m&ocirc;i trường nhằm tăng sức cạnh tranh.</p>', 1, 0, 0, 0, '', NULL, 'vi', 0, NULL, '2019-08-13 11:03:14', '2019-08-22 10:36:17', NULL);
INSERT INTO `contents` VALUES (21, 21, 1, 'upload/contents/21.jpeg', 'carousel 1', 'carousel-1', NULL, NULL, 1, 0, 0, 0, '', NULL, 'vi', 0, NULL, '2019-08-14 16:42:00', '2019-08-21 16:50:51', '2019-08-21 16:50:51');
INSERT INTO `contents` VALUES (22, 22, 1, 'upload/contents/22.jpeg', 'Carousel 2', 'carousel-2', NULL, NULL, 1, 0, 0, 0, '', NULL, 'vi', 0, NULL, '2019-08-14 16:46:41', '2019-08-21 16:50:57', '2019-08-21 16:50:57');
INSERT INTO `contents` VALUES (23, 23, 1, 'upload/contents/23.jpeg', 'Banner 1', 'banner-1', NULL, NULL, 1, 0, 0, 0, '', NULL, 'vi', 0, NULL, '2019-08-15 08:33:39', '2019-08-21 16:50:40', '2019-08-21 16:50:40');
INSERT INTO `contents` VALUES (24, 24, 1, 'upload/contents/24.jpeg', 'Banner 2', 'banner-2', NULL, NULL, 1, 0, 0, 0, '', NULL, 'vi', 0, NULL, '2019-08-15 08:34:13', '2019-08-21 16:50:34', '2019-08-21 16:50:34');
INSERT INTO `contents` VALUES (25, 25, 1, 'upload/contents/25.jpeg', 'Banner 3', 'banner-3', NULL, NULL, 1, 0, 0, 0, '', NULL, 'vi', 0, NULL, '2019-08-15 08:34:38', '2019-08-21 16:50:28', '2019-08-21 16:50:28');
INSERT INTO `contents` VALUES (26, 26, 1, 'upload/contents/26.jpeg', 'Banner category', 'banner-category', NULL, NULL, 1, 0, 0, 0, '', NULL, 'vi', 0, NULL, '2019-08-15 10:20:28', '2019-08-15 10:20:28', NULL);
INSERT INTO `contents` VALUES (27, 27, 1, 'upload/contents/27.png', 'Banner category 2', 'banner-category-2', NULL, NULL, 1, 0, 0, 0, '', NULL, 'vi', 0, NULL, '2019-08-15 10:20:47', '2019-08-22 00:25:42', NULL);
INSERT INTO `contents` VALUES (28, 28, 1, 'upload/contents/28.jpeg', 'Trien lam 1', 'trien-lam-1', 'The @error directive may be used to quickly check if validation error messages exist for a given attribute. Wit', '<p>The&nbsp;<code>@error</code>&nbsp;directive may be used to quickly check if&nbsp;<a href=\"https://laravel.com/docs/5.8/validation#quick-displaying-the-validation-errors\">validation error messages</a>&nbsp;exist for a given attribute. Within an&nbsp;<code>@error</code>&nbsp;directive, you may echo the&nbsp;<code>$message</code>&nbsp;variable to display the error message:The&nbsp;<code>@error</code>&nbsp;directive may be used to quickly check if&nbsp;<a href=\"https://laravel.com/docs/5.8/validation#quick-displaying-the-validation-errors\">validation error messages</a>&nbsp;exist for a given attribute. Within an&nbsp;<code>@error</code>&nbsp;directive, you may echo the&nbsp;<code>$message</code>&nbsp;variable to display the error message:The&nbsp;<code>@error</code>&nbsp;directive may be used to quickly check if&nbsp;<a href=\"https://laravel.com/docs/5.8/validation#quick-displaying-the-validation-errors\">validation error messages</a>&nbsp;exist for a given attribute. Within an&nbsp;<code>@error</code>&nbsp;directive, you may echo the&nbsp;<code>$message</code>&nbsp;variable to display the error message:</p>', 1, 0, 0, 0, '', NULL, 'vi', 0, NULL, '2019-08-15 10:22:23', '2019-08-21 17:06:13', '2019-08-21 17:06:13');
INSERT INTO `contents` VALUES (29, 29, 1, 'upload/contents/29.jpeg', 'Trien lam thanh tuu 2', 'trien-lam-thanh-tuu-2', 'The @error directive may be used to quickly check if validation error messages', '<p>The&nbsp;<code>@error</code>&nbsp;directive may be used to quickly check if&nbsp;<a href=\"https://laravel.com/docs/5.8/validation#quick-displaying-the-validation-errors\">validation error messages</a>&nbsp;exist for a given attribute. Within an&nbsp;<code>@error</code>&nbsp;directive, you may echo the&nbsp;<code>$message</code>&nbsp;variable to display the error message:The&nbsp;<code>@error</code>&nbsp;directive may be used to quickly check if&nbsp;<a href=\"https://laravel.com/docs/5.8/validation#quick-displaying-the-validation-errors\">validation error messages</a>&nbsp;exist for a given attribute. Within an&nbsp;<code>@error</code>&nbsp;directive, you may echo the&nbsp;<code>$message</code>&nbsp;variable to display the error message:The&nbsp;<code>@error</code>&nbsp;directive may be used to quickly check if&nbsp;<a href=\"https://laravel.com/docs/5.8/validation#quick-displaying-the-validation-errors\">validation error messages</a>&nbsp;exist for a given attribute. Within an&nbsp;<code>@error</code>&nbsp;directive, you may echo the&nbsp;<code>$message</code>&nbsp;variable to display the error message:</p>', 1, 0, 0, 0, '', NULL, 'vi', 0, NULL, '2019-08-15 10:23:18', '2019-08-21 17:06:20', '2019-08-21 17:06:20');
INSERT INTO `contents` VALUES (30, 30, 1, 'upload/contents/30.png', 'Bảng đồ vùng núi', 'bang-do-vung-nui', 'Bảng đồ vùng núi Bảng đồ vùng núi', '<p>Bảng đ&ocirc;̀ vùng núi&nbsp;Bảng đ&ocirc;̀ vùng núi</p>', 1, 0, 0, 0, '', 'Bảng đồ vùng núi', 'vi', 0, 'Bảng đồ vùng núi', '2019-08-21 16:54:18', '2019-08-21 16:54:19', NULL);
INSERT INTO `contents` VALUES (31, 31, 1, 'upload/contents/31.jpeg', 'Giải lưu niệm', 'giải-luu-niẹm', 'Giải lưu niệm Giải lưu niệm', '<p>Giải lưu ni&ecirc;̣m&nbsp;Giải lưu ni&ecirc;̣m&nbsp;Giải lưu ni&ecirc;̣m</p>', 1, 0, 0, 1, '', 'Giải lưu niệm', 'vi', 0, 'Giải lưu niệm', '2019-08-21 16:55:10', '2019-08-21 16:55:10', NULL);
INSERT INTO `contents` VALUES (32, 32, 1, 'upload/contents/32.jpeg', 'Giải nhất', 'giải-nhát', 'Giải nhất Giải nhất Giải nhất', '<p>Giải nh&acirc;́t&nbsp;Giải nh&acirc;́t</p>', 1, 0, 0, 2, '', 'Giải nhất', 'vi', 0, 'Giải nhất', '2019-08-21 16:55:52', '2019-08-21 16:55:52', NULL);
INSERT INTO `contents` VALUES (33, 33, 1, 'upload/contents/33.jpeg', 'Hội chợ triễn lãm thủy sản quốc tế trạm giang - Trung Quốc lần VI năm 2019', 'hoi-cho-trien-lam-thuy-san-quoc-te-tram-giang-trung-quoc-lan-vi-nam-2019', 'Hội chợ triển lãm thủy sản quốc tế Trung Quốc được tổ chức từ ngày 18-20/6/2019 tại Trung tâm thể thao Olympic ở Trạm Giang, tỉnh Quảng Đông, Trung Quốc.', '<p>Hội chợ được tổ chức bởi Li&ecirc;n đo&agrave;n Thương mại v&agrave; C&ocirc;ng nghiệp Thủy sản Trung Quốc, Hiệp hội Lưu th&ocirc;ng v&agrave; Chế biến Thủy sản Trung Quốc v&agrave; Hiệp hội Doanh nghiệp Xuất nhập khẩu Thủy sản Trạm Giang, Li&ecirc;n minh Nu&ocirc;i trồng Thủy sản To&agrave;n cầu, Ủy ban Quảng c&aacute;o Quốc tế Trạm Giang, Hiệp hội Thủy sản Quảng Đ&ocirc;ng v&agrave; Ph&ograve;ng thương mại thủy sản Trạm Giang đồng tổ chức.</p>\r\n\r\n<p>&nbsp;&nbsp;&nbsp;&nbsp;&nbsp;&nbsp;&nbsp;&nbsp;&nbsp;&nbsp;&nbsp; <img src=\"https://pangasiusmap.com/public/upload/9f8d0696f547e369036c08883a939365/hinh%201.png\" /></p>\r\n\r\n<p><em>H&igrave;nh 1: Địa điểm diễn ra Hội chợ Triển l&atilde;m (Zhanjiang Olympic Sports Center) năm 2019</em></p>\r\n\r\n<p>Trạm Giang c&oacute; đầy đủ điều kiện v&agrave; ưu thế tổ chức Hội chợ thủy sản Quốc tế. Trạm Giang l&agrave; th&agrave;nh phố lấn biển gần với khối Asean nhất, l&agrave; đầu cầu cho Quảng Đ&ocirc;ng tiến v&agrave;o thị trường Asean, vị tr&iacute; địa l&yacute; chiếm ưu thế r&otilde; rệt, ảnh hưởng bức xạ khu vực rất lớn; hơn nữa Trạm Giang cũng được xứng danh l&agrave; &ldquo;th&agrave;nh phố t&ocirc;m của Trung Quốc&rdquo;, l&agrave; đầu mối quan trọng của Trung Quốc về nguồn h&agrave;ng t&ocirc;m, h&agrave;ng năm từ giữa đến cuối th&aacute;ng 6, ch&iacute;nh l&agrave; thời điểm quan trọng của h&agrave;ng thủy, hải sản (đặc biệt l&agrave; t&ocirc;m).</p>\r\n\r\n<p>&nbsp;&nbsp;&nbsp; Nằm trong chương tr&igrave;nh x&uacute;c tiến thương mại năm 2019, VINAPA tổ chức đo&agrave;n Doanh nghiệp Thủy sản tham dự Hội chợ, bao gồm th&agrave;nh phần VINAPA, Hiệp hội Thủy sản Đồng Th&aacute;p, C&ocirc;ng ty TNHH H&ugrave;ng C&aacute;, c&ocirc;ng ty Cổ phần Đầu tư v&agrave; Ph&aacute;t triển Đa Quốc Gia I.D.I, Hồng T&acirc;m Hội Qu&aacute;n v&agrave; n&ocirc;ng trại nu&ocirc;i c&aacute; tra với tổng số người tham dự l&agrave; 14 th&agrave;nh vi&ecirc;n. VINAPA phối hợp với&nbsp;Chi nh&aacute;nh C&ocirc;ng ty TNHH MTV Dịch vụ Lữ h&agrave;nh SaiGonTourist tại Cần Thơ để triển khai chương tr&igrave;nh Tour hướng dẫn&nbsp;đo&agrave;n tại Trạm Giang lần n&agrave;y.</p>\r\n\r\n<p>VINAPA nhận được sự hỗ trợ của Ban tổ chức về c&aacute;c gian h&agrave;ng, kh&aacute;ch sạn, tiệc chi&ecirc;u đ&atilde;i,... cũng như sự tiếp đ&oacute;n chu đ&aacute;o từ Ban tổ chức Hội chợ, được doanh nghiệp Việt Nam đ&aacute;nh gi&aacute; rất cao. Sự hỗ trợ từ Ban tổ chức đ&atilde; gi&uacute;p VINAPA v&agrave; c&aacute;c Doanh nghiệp c&oacute; một chuyến c&ocirc;ng t&aacute;c thuận lợi v&agrave; th&agrave;nh c&ocirc;ng.</p>\r\n\r\n<p>&nbsp;&nbsp;&nbsp;&nbsp;&nbsp;&nbsp;&nbsp;&nbsp;&nbsp;&nbsp;&nbsp; Hội chợ Quốc tế Thủy sản Trạm Giang năm 2019 được đ&aacute;nh gi&aacute; với quy m&ocirc; lớn hơn, địa điểm tổ chức thuận tiện hơn, gian h&agrave;ng nhiều hơn, kh&aacute;ch tham dự đến hội chợ cũng nhiều hơn. Doanh nghiệp Việt Nam cũng đ&atilde; c&oacute; nhiều cơ hội để giới thiệu quảng b&aacute; c&ocirc;ng ty, sản phẩm, đặc biệt c&oacute; những thỏa thuận, k&yacute; kết với doanh nghiệp đối t&aacute;c Trung Quốc trong thời gian tới. B&ecirc;n cạnh đ&oacute;, chương tr&igrave;nh l&agrave;m việc với hải quan v&agrave; doanh nghiệp trao đổi được nhiều vấn đề, th&ocirc;ng tin, ch&iacute;nh s&aacute;ch đối với hoạt động x&uacute;c tiến thủy sản sang Trạm Giang n&oacute;i ri&ecirc;ng, cũng như Trung Quốc n&oacute;i chung.</p>', 1, 0, 1, 1, '', NULL, 'vi', 0, NULL, '2019-08-21 17:03:52', '2019-09-03 17:39:37', NULL);
INSERT INTO `contents` VALUES (34, 34, 1, 'upload/contents/34.png', 'Tăng cuờng miễn dịch, cải thiện tăng trưởng với Safmannan', 'tang-cuong-mien-dich-cai-thien-tang-truong-voi-safmannan', 'Tăng cuờng miễn dịch, cải thiện tăng trưởng với Safmannan', '<p>Xung quanh m&ocirc; h&igrave;nh cổ điển: Vật Nu&ocirc;i &ndash; Mầm Bệnh &ndash; M&ocirc;i Trường, c&aacute;c c&ocirc;ng nghệ v&agrave; kỹ thuật quản l&yacute; mới đ&atilde; được ph&aacute;t triển nhằm kiểm so&aacute;t bệnh tốt hơn như: ti&ecirc;m vắc-xin nhằm giảm kh&aacute;ng sinh sử dụng, an to&agrave;n sinh học trong trại giống v&agrave; trang trại, c&ocirc;ng nghệ biofloc. C&aacute;c c&ocirc;ng nghệ n&agrave;y đ&atilde; được chứng minh th&agrave;nh c&ocirc;ng, việc mở rộng &aacute;p dụng v&agrave; tiếp tục ph&aacute;t triển ch&uacute;ng chắc chắn sẽ cải thiện c&aacute;ch nu&ocirc;i trồng thủy sản.</p>\r\n\r\n<p>Một chiến lược kh&aacute;c l&agrave; tăng sức khỏe vật nu&ocirc;i th&ocirc;ng qua thức ăn, ch&uacute;ng ta sẽ thảo luận n&oacute; trong tạp ch&iacute; n&agrave;y. Chế độ dinh dưỡng c&acirc;n đối sẽ cải thiện được t&igrave;nh trạng sức khỏe của c&aacute; hoặc t&ocirc;m. Trong t&igrave;nh h&igrave;nh &aacute;p lực như nhiễm mầm bệnh, th&igrave; việc sử dụng Sản phẩm k&iacute;ch th&iacute;ch miễn dịch c&oacute; thể được xem x&eacute;t để gi&uacute;p vật nu&ocirc;i tăng cường ph&ograve;ng vệ.</p>\r\n\r\n<p>Khi nghi&ecirc;n cứu, ta thấy rằng miễn dịch của động vật thủy sinh kh&ocirc;ng chỉ kh&aacute;c nhau giữa ch&uacute;ng v&agrave; động vật c&oacute; v&uacute; m&agrave; c&ograve;n giữa c&aacute; v&agrave; gi&aacute;p x&aacute;c. C&aacute; l&agrave; nh&oacute;m đầu ti&ecirc;n c&oacute; hệ thống miễn dịch đặc hiệu xuất hiện trong chuỗi tiến h&oacute;a. Do đ&oacute;, hệ thống n&agrave;y hoạt động k&eacute;m hơn ở động vật c&oacute; v&uacute; (xem Tort et al 2003). N&oacute; &iacute;t đặc hiệu hơn; &iacute;t nhạy cảm hơn v&agrave; chỉ c&oacute; một loại kh&aacute;ng thể (IgM). C&aacute; l&agrave; động vật biến nhiệt, n&oacute; phụ thuộc nhiều v&agrave;o nhiệt độ, nhiệt độ thấp l&agrave;m chậm phản ứng miễn dịch l&ecirc;n đến 10 đến 12 tuần. C&aacute; dựa nhiều v&agrave;o hệ thống miễn dịch kh&ocirc;ng đặc hiệu (c&ograve;n được gọi l&agrave; miễn dịch bẩm sinh) để chống lại mầm bệnh.</p>\r\n\r\n<p>Hệ thống miễn dịch bẩm sinh nhận ra c&aacute;c nh&acirc;n tố c&oacute; hại b&ecirc;n ngo&agrave;i hay mầm bệnh th&ocirc;ng qua PAMP, việc nhận dạng n&agrave;y nhờ v&agrave;o c&aacute;c thụ thể nhận dạng (PRR) hoặc protein nhận dạng (PRP). Miễn dịch bẩm sinh của c&aacute; với h&agrave;ng r&agrave;o bảo vệ đầu ti&ecirc;n l&agrave; chất nhầy, n&oacute; bẫy c&aacute;c mầm bệnh, sau đ&oacute; c&aacute;c lysozyme, peptide kh&aacute;ng khuẩn c&oacute; thể loại bỏ mầm bệnh. Bạch cầu trung t&iacute;nh v&agrave; đại thực b&agrave;o l&agrave; c&aacute;c tế b&agrave;o quan trọng của hệ thống miễn dịch bẩm sinh v&igrave; ch&uacute;ng c&oacute; thể nuốt (thực b&agrave;o) mầm bệnh (một cơ chế kh&ocirc;ng phụ thuộc v&agrave;o nhiệt độ) v&agrave; giải ph&oacute;ng c&aacute;c chất g&acirc;y độc cho mầm bệnh. Ho&agrave;n tất miễn dịch tế b&agrave;o, miễn dịch dịch thể li&ecirc;n quan đến sự tổng hợp v&agrave; giải ph&oacute;ng c&aacute;c th&agrave;nh phần kh&aacute;ng khuẩn.</p>\r\n\r\n<p>Ở t&ocirc;m thậm ch&iacute; c&ograve;n đơn giản hơn v&igrave; ch&uacute;ng chỉ dựa v&agrave;o khả năng miễn dịch bẩm sinh, ch&uacute;ng t&ocirc;i thấy loại cơ chế tương tự như ở c&aacute; với sự thực b&agrave;o th&ocirc;ng qua Bạch cầu hạt &nbsp;(một dạng cụ thể của tế b&agrave;o m&aacute;u) v&agrave; phản ứng thể dịch. Tuy nhi&ecirc;n, cơ chế hiệu quả nhất của động vật kh&ocirc;ng xương sống (ch&acirc;n đốt) l&agrave; bao bọc t&aacute;c nh&acirc;n g&acirc;y hại bằng sắc tố melanin kh&aacute;ng khuẩn. Điều n&agrave;y đ&ograve;i hỏi kết hợp của sự tuần ho&agrave;n m&aacute;u v&agrave; hoạt t&iacute;nh của enzyme phenoloxidase. Sự nhận biết PAMPs như LPS v&agrave; &beta;-1,3 glucans của PRP l&agrave; một bước quan trọng để k&iacute;ch hoạt prophenoloxidase.</p>\r\n\r\n<p>Việc k&iacute;ch th&iacute;ch hệ thống miễn dịch bẩm sinh, nhằm đẩy nhanh tốc độ v&agrave; hiệu quả, beta glucans đ&atilde; được nghi&ecirc;n cứu trong một thời gian d&agrave;i v&agrave; dường như l&agrave; chất k&iacute;ch th&iacute;ch miễn dịch l&yacute; tưởng trong nu&ocirc;i trồng thủy sản (Meena et al 2013 v&agrave; Ringo et al, 2012) v&igrave; ch&uacute;ng c&oacute; thể k&iacute;ch hoạt c&aacute;c đại thực b&agrave;o ở c&aacute; v&agrave; prophenoloxidase tr&ecirc;n t&ocirc;m.</p>\r\n\r\n<p>Mảnh của v&aacute;ch tế b&agrave;o, chẳng hạn như Safmannan&reg; được chiết xuất từ ​​một chủng chọn lọc Saccharomyces cerevisiae tu&acirc;n thủ c&aacute;c ti&ecirc;u chuẩn kiểm so&aacute;t sản xuất nghi&ecirc;m ngặt của EU. Ch&uacute;ng c&oacute; chứa beta glucans, mannan oligosacharit l&agrave; c&aacute;c chất k&iacute;ch hoạt của hệ thống miễn dịch (Song et al 2014).</p>\r\n\r\n<p>C&aacute;c thử nghiệm nội bộ trước đ&acirc;y đ&atilde; chỉ ra rằng v&aacute;ch tế b&agrave;o nấm men v&agrave; c&aacute;c mảnh của v&aacute;ch tế b&agrave;o c&oacute; t&aacute;c dụng kh&aacute;c nhau trong &nbsp;hấp thụ độc tố v&agrave; miễn dịch ở động vật thủy sản. Thực tế, một số thử nghiệm được thực hiện tại Trung t&acirc;m nghi&ecirc;n cứu Hellenic Center for Marine ở Hy Lạp đ&atilde; chỉ ra rằng c&aacute;c sản phẩm mảnh tế b&agrave;o c&oacute; tỷ lệ manna / glucan tương tự c&ocirc;ng ty Phileo (nh&aacute;nh kinh doanh trong lĩnh vực chăm s&oacute;c sức khỏe vật nu&ocirc;i của tạp đo&agrave;n Lesaffre) c&oacute; t&aacute;c dụng rất kh&aacute;c nhau trong việc k&iacute;ch th&iacute;ch c&aacute;c th&ocirc;ng số miễn dịch v&agrave; tỷ lệ sống s&oacute;t sau khi g&acirc;y nhiễm Vibrio anguillarum. Kh&ocirc;ng chỉ h&agrave;m lượng mannan, B-glucan c&oacute; tầm quan trọng, m&agrave; chủng nấm men, qu&aacute; tr&igrave;nh sấy kh&ocirc; cũng l&agrave; những yếu tố ch&iacute;nh ảnh hưởng đến hiệu quả của sản phẩm tr&ecirc;n vật nu&ocirc;i. Trong thử nghiệm, ba liều lượng nấm men kh&aacute;c nhau được sử dụng để đ&aacute;nh gi&aacute; t&aacute;c động v&agrave; khả năng cải thiện miễn dịch. Một điều r&uacute;t ra ở đ&acirc;y l&agrave; Nguồn gốc sản phẩm, chất lượng, liều lượng v&agrave; thời gian sử dụng đều c&oacute; li&ecirc;n quan với nhau.</p>\r\n\r\n<p>Một thử nghiệm đ&atilde; được thực hiện để nghi&ecirc;n cứu phản ứng của Safmannan ở những liều kh&aacute;c tr&ecirc;n sinh vật biển. Với 2 mục ti&ecirc;u:</p>\r\n\r\n<ol>\r\n	<li>Điều tra ảnh hưởng của mảnh v&aacute;ch tế b&agrave;o trong khẩu phần với lượng bột c&aacute; giảm</li>\r\n	<li>X&aacute;c định liều lượng cần thiết để đạt được đ&aacute;p ứng miễn dịch tối ưu (Yu et al 2014).</li>\r\n</ol>\r\n\r\n<p>S&aacute;u khẩu phần ăn được thiết kế (bảng 1) với một chế độ ăn nhiều bột c&aacute; (38,5%), kh&ocirc;ng c&oacute; bột đậu n&agrave;nh (HFM) v&agrave; 5 chế độ ăn với 25% bột c&aacute; v&agrave; 20% bột đậu n&agrave;nh. Năm khẩu phần ăn n&agrave;y được bổ sung 0, 250, 500, 1000 v&agrave; 2000 g /T Safmannan&reg;.</p>\r\n\r\n<p>&nbsp;</p>', 1, 0, 1, 2, '', NULL, 'vi', 0, NULL, '2019-08-21 17:09:01', '2019-08-21 23:31:13', NULL);
INSERT INTO `contents` VALUES (35, 35, 1, 'upload/contents/35.jpeg', 'DOC công bố kết quả cuối cùng thuế chống bán phá giá POR14', 'doc-cong-bo-ket-qua-cuoi-cung-thue-chong-ban-pha-gia-por14', 'Kết quả cuối cùng thuế chống bán phá giá POR14 với cá tra Việt Nam', '<p>Theo đ&oacute;, mức thuế cuối c&ugrave;ng của POR14 đối với HUNG VUONG GROUP l&agrave; 3,87 USD/kg (so với mức 0 USD/kg của kết quả sơ bộ).</p>\r\n\r\n<p>NTSF Seafood vẫn giữ mức 1,37 USD/kg so với mức thuế sơ bộ đ&atilde; c&ocirc;ng bố trước.</p>\r\n\r\n<p>4 DN XK c&aacute; tra kh&aacute;c l&agrave;: C.P Vietnam; CL-FISH; GREEN FARMS SEAFOOD v&agrave; VINH QUANG CORP bị &aacute;p mức thuế 1,37 USD/kg, tăng 0,96 cent/kg so với mức thuế sơ bộ.</p>\r\n\r\n<p>Mức thuế suất to&agrave;n quốc vẫn &aacute;p dụng mức 2,39 USD/kg.</p>\r\n\r\n<p>Trong hai th&aacute;ng (th&aacute;ng 2 v&agrave; 3/2019) gi&aacute; trị XK c&aacute; tra sang thị trường Mỹ giảm lần lượt 22,8% v&agrave; 44,4%. Do đột ngột giảm mạnh n&ecirc;n Mỹ vốn được dự b&aacute;o trở lại thị trường XK h&agrave;ng đầu của DN c&aacute; tra Việt Nam đ&atilde; tụt xuống vị tr&iacute; thứ 3 (sau EU) đạt 71,16 triệu USD, giảm 5% so với c&ugrave;ng kỳ năm 2018, chiếm 15,1% tổng gi&aacute; trị XK c&aacute; tra trong qu&yacute; I/2019.</p>\r\n\r\n<p>T&iacute;nh đến hết th&aacute;ng 3/2019, XK c&aacute; tra sang Mỹ đạt 71,16 triệu USD, giảm 5% so với c&ugrave;ng kỳ năm trước. Với mức thuế CBPG ch&iacute;nh thức vừa mới c&ocirc;ng bố sẽ c&oacute; nhiều diễn biến mới đối với XK c&aacute; tra sang Mỹ. Dự b&aacute;o, trong qu&yacute; 2/2019, XK c&aacute; tra sang thị trường n&agrave;y c&oacute; thể giảm tiếp.</p>', 1, 0, 0, 3, '', NULL, 'vi', 0, NULL, '2019-08-21 17:13:54', '2019-08-22 10:13:39', NULL);
INSERT INTO `contents` VALUES (36, 36, 1, 'upload/contents/36.jpeg', 'Giấy mời số 148 (Bộ Nông nghiệp và Phát triển nông thôn)', 'giay-moi-so-148-bo-nong-nghiep-va-phat-trien-nong-thon', 'Giấy mời số 148 (Bộ Nông nghiệp và Phát triển nông thôn)', '<p>K&iacute;nh gửi Qu&yacute; Doanh nghiệp hội vi&ecirc;n,&nbsp;</p>\r\n\r\n<p>Hiệp hội k&iacute;nh gửi giấy mời số 148/GM-BNN-CBTTNS của Bộ NN&amp;PTNT mời c&aacute;c doanh nghiệp l&agrave; th&agrave;nh vi&ecirc;n của Hiệp hội tham dự hội thảo quốc tế trao đổi th&ocirc;ng tin, nghiệp vụ về an to&agrave;n thực phẩm, kiểm dịch động thực vật, c&aacute;c quy định về quản l&yacute;, kiểm so&aacute;t xuất nhập khẩu n&ocirc;ng l&acirc;m thủy sản.<br />\r\nThời gian: Ng&agrave;y 29/3/2019.<br />\r\nĐịa điểm: Kh&aacute;ch sạn Mường Thanh, Th&agrave;nh phố Lạng Sơn.<br />\r\n(chi tiết tại link k&egrave;m theo)</p>\r\n\r\n<p><a href=\"https://bom.to/AvzoZ\">https://bom.to/AvzoZ</a></p>\r\n\r\n<p>Tr&acirc;n trọng k&iacute;nh mời !</p>\r\n\r\n<p>Văn ph&ograve;ng Hiệp hội C&aacute; Tra Việt Nam.</p>', 1, 0, 1, 4, '', NULL, 'vi', 0, NULL, '2019-08-21 17:15:09', '2019-08-21 23:31:32', NULL);
INSERT INTO `contents` VALUES (37, 37, 1, 'upload/contents/37.png', 'Hướng dẫn thực hiện Hiệp định CPTPP', 'huong-dan-thuc-hien-hiep-dinh-cptpp', 'Hướng dẫn thực hiện Hiệp định CPTPP', '<p>Sở C&ocirc;ng Thương th&agrave;nh phố Cần Thơ k&iacute;nh gửi th&ocirc;ng b&aacute;o đến c&aacute;c doanh nghiệp th&ocirc;ng tin mới như sau:</p>\r\n\r\n<p>Ng&agrave;y 22/01/2019, Bộ C&ocirc;ng Thương đ&atilde; ban h&agrave;nh Th&ocirc;ng tư số 03/2019/TT-BCT về Quy định quy tắc xuất xứ h&agrave;ng h&oacute;a trong Hiệp định đối t&aacute;c to&agrave;n diện v&agrave; tiến bộ xuy&ecirc;n Th&aacute;i B&igrave;nh Dương (CPTPP). Th&ocirc;ng tư sẽ c&oacute; hiệu lực thi h&agrave;nh bắt đầu từ ng&agrave;y 08 th&aacute;ng 03 năm 2019.</p>\r\n\r\n<p>Nội dung Th&ocirc;ng tư&nbsp;số 03/2019/TT-BCT&nbsp;hiện đ&atilde; được Bộ C&ocirc;ng Thương đăng tải tại địa chỉ:</p>\r\n\r\n<p><a href=\"http://ecosys.gov.vn/Homepage/DocumentView.aspx\" target=\"_blank\">http://ecosys.gov.vn/Homepage/DocumentView.aspx.</a>&nbsp;Doanh nghiệp vui l&ograve;ng download t&agrave;i liệu tại trang n&agrave;y.</p>\r\n\r\n<p>Đối với mẫu CO CPTPP, hiện nay Bộ C&ocirc;ng Thương đang trong qu&aacute; tr&igrave;nh thực hiện in ấn. Khi Ph&ograve;ng Quản l&yacute; xuất nhập khẩu khu vực Cần Thơ nhận được mẫu CPTPP, Ph&ograve;ng sẽ gửi th&ocirc;ng b&aacute;o đến c&aacute;c doanh nghiệp được biết. (Tạm thời doanh nghiệp c&oacute; thể xem&nbsp;mẫu CO&nbsp;trong Phụ lục đ&iacute;nh k&egrave;m Th&ocirc;ng tư&nbsp;03/2019/TT-BCT)</p>\r\n\r\n<p><em>Theo Bộ C&ocirc;ng Thương</em></p>', 1, 0, 1, 5, '', NULL, 'vi', 0, NULL, '2019-08-21 17:18:08', '2019-08-21 23:31:40', NULL);
INSERT INTO `contents` VALUES (38, 38, 1, 'upload/contents/38.jpeg', 'Ngành cá tra Việt Nam: Mở rộng thị trường xuất khẩu', 'nganh-ca-tra-viet-nam-mo-rong-thi-truong-xuat-khau', 'Ngành cá tra Việt Nam: Tập trung mở rộng thị trường xuất khẩu', '<p>Hội thảo &quot;Chất lượng sản phẩm - nền tảng ph&aacute;t triển bền vững ng&agrave;nh h&agrave;ng C&aacute; Tra&quot; ng&agrave;y 18.01.2019 nhằm tập trung giới thiệu c&aacute;c giải ph&aacute;p cải thiện chất lượng con giống, n&acirc;ng cao hiệu quả sản xuất v&agrave; gắn kết với c&aacute;c giải ph&aacute;p đảm bảo về m&ocirc;i trường trong nu&ocirc;i thương phẩm v&agrave; chế biến đ&aacute;p ứng c&aacute;c ti&ecirc;u chuẩn xuất khẩu.</p>\r\n\r\n<p><img alt=\"\" src=\"https://congthuong.vn/stores/news_dataimages/mn_ty/012019/18/14/0301_Hinh_Ca_tra1_.jpg\" style=\"height:422px; width:750px\" /></p>\r\n\r\n<p>Năm 2018, ng&agrave;nh h&agrave;ng c&aacute; tra đ&atilde; c&oacute; sự đột ph&aacute; về gi&aacute; trị xuất khẩu, vượt mốc tr&ecirc;n 2 tỷ USD, sản lượng nguy&ecirc;n liệu đạt tr&ecirc;n 1,3 triệu tấn, gi&aacute; c&aacute; tra nguy&ecirc;n liệu đạt ở mức cao tr&ecirc;n 35.000đ/kg, xuất khẩu cũng c&oacute; t&iacute;n hiệu khả quan. Với thị trường Trung Quốc tăng cao, k&egrave;m theo thị trường Mỹ với thuế chống b&aacute;n ph&aacute; gi&aacute; sơ bộ POR 14 thấp hơn, cũng như FSIS đ&atilde; c&ocirc;ng nhận v&agrave; đề xuất c&ocirc;ng nhận c&aacute; tra Việt Nam đủ điều kiện xuất sang thị trường Mỹ.</p>\r\n\r\n<p>Theo &ocirc;ng Dương Nghĩa Quốc, thời gian qua, c&aacute;c doanh nghiệp xuất khẩu c&aacute; tra th&iacute;ch ứng linh hoạt v&agrave; phản ứng c&oacute; kinh nghiệm trước c&aacute;c r&agrave;o cản, cạnh tranh thương mại. Ngo&agrave;i ra, để đạt được th&agrave;nh c&ocirc;ng như năm 2018, ng&agrave;nh c&aacute; tra được sự quan t&acirc;m của c&aacute;c ban ng&agrave;nh v&agrave; ng&agrave;nh h&agrave;ng c&aacute; tra trong việc quan t&acirc;m th&uacute;c đẩy ph&aacute;t triển thị trường nội địa.</p>\r\n\r\n<p>Tuy nhi&ecirc;n ngo&agrave;i những th&agrave;nh c&ocirc;ng tr&ecirc;n, ng&agrave;nh c&aacute; tra năm 2018 c&ograve;n gặp phải những kh&oacute; khăn th&aacute;ch thức. Nhiều doanh nghiệp xuất khẩu c&aacute; tra gặp nhiều r&agrave;o cản trong việc cạnh tranh thương mại. Trong khi đ&oacute;, chất lượng giống c&aacute; tra ng&agrave;y c&agrave;ng suy giảm, dự b&aacute;o nhu cầu về sản lượng c&aacute; nguy&ecirc;n liệu c&oacute; thể tăng l&ecirc;n 2 triệu tấn sau 3-4 năm sắp tới.</p>\r\n\r\n<p>Theo &ocirc;ng Dương Nghĩa Quốc, việc gia tăng sản lượng nguy&ecirc;n liệu trong thời gian tới b&ecirc;n cạnh việc phải đảm bảo về chất lượng sản phẩm, gi&aacute; th&agrave;nh hợp l&yacute;, đồng thời cũng quan t&acirc;m đến vấn đề m&ocirc;i trường trong sản xuất.</p>\r\n\r\n<p>&quot;Việc th&uacute;c đẩy chất lượng ng&agrave;nh h&agrave;ng c&aacute; tra được tập trung v&agrave;o việc cải thiện chất lượng con giống như quy tr&igrave;nh ương, sử dụng chế phẩm sinh học, vắc xin để tăng sức đề kh&aacute;ng cho c&aacute; giống. Trong kh&acirc;u nu&ocirc;i thương phẩm, phải gắn việc cải thiện chất lượng m&ocirc;i trường với giải ph&aacute;p xử l&yacute; chất thải, ứng dụng IoT trong kiểm so&aacute;t m&ocirc;i trường tự động để n&acirc;ng cao năng suất, đồng thời hạ gi&aacute; th&agrave;nh sản phẩm, sử dụng c&ocirc;ng nghệ th&acirc;n thiện m&ocirc;i trường nhằm tăng sức cạnh tranh&quot;, &ocirc;ng Dương Nghĩa Quốc cho biết th&ecirc;m.</p>\r\n\r\n<p>Năm 2019 Hiệp hội c&aacute; tra Việt Nam sẽ tập trung v&agrave;o con giống v&agrave; mở rộng thị trường xuất khẩu. Ngo&agrave;i ra ng&agrave;nh sẽ tiếp tục đẩy mạnh sản xuất, ph&aacute;t triển thị trường ti&ecirc;u thụ, th&uacute;c đẩy tăng trưởng bền vững, t&iacute;ch cực hội nhập quốc tế, x&acirc;y dựng ch&iacute;nh s&aacute;ch v&agrave; đẩy mạnh cải c&aacute;ch h&agrave;nh ch&iacute;nh.</p>\r\n\r\n<p>B&ecirc;n cạnh đ&oacute;, hiệp hội sẽ thực hiện nghi&ecirc;m quy định về đ&aacute;nh bắt v&agrave; truy xuất nguồn gốc thủy sản, sớm giải quyết vấn đề &aacute;p &ldquo;thẻ v&agrave;ng&rdquo; của EU; đồng thời h&agrave;i h&ograve;a h&oacute;a c&aacute;c quy định về kiểm so&aacute;t thủy sản theo th&ocirc;ng lệ quốc tế.</p>', 1, 0, 1, 6, '', NULL, 'vi', 0, NULL, '2019-08-21 17:25:58', '2019-08-22 10:14:23', NULL);
INSERT INTO `contents` VALUES (39, 39, 1, 'upload/contents/39.jpeg', 'Trung Quốc đầu tư mạnh vào trung tâm thực phẩm Dubai', 'trung-quoc-dau-tu-manh-vao-trung-tam-thuc-pham-dubai', 'Trung Quốc đầu tư mạnh vào trung tâm thực phẩm Dubai', '<p>Sở C&ocirc;ng Thương th&agrave;nh phố Cần Thơ k&iacute;nh gửi th&ocirc;ng b&aacute;o đến c&aacute;c doanh nghiệp th&ocirc;ng tin mới như sau:</p>\r\n\r\n<p>Ng&agrave;y 22/01/2019, Bộ C&ocirc;ng Thương đ&atilde; ban h&agrave;nh Th&ocirc;ng tư số 03/2019/TT-BCT về Quy định quy tắc xuất xứ h&agrave;ng h&oacute;a trong Hiệp định đối t&aacute;c to&agrave;n diện v&agrave; tiến bộ xuy&ecirc;n Th&aacute;i B&igrave;nh Dương (CPTPP). Th&ocirc;ng tư sẽ c&oacute; hiệu lực thi h&agrave;nh bắt đầu từ ng&agrave;y 08 th&aacute;ng 03 năm 2019.</p>\r\n\r\n<p>Nội dung Th&ocirc;ng tư&nbsp;số 03/2019/TT-BCT&nbsp;hiện đ&atilde; được Bộ C&ocirc;ng Thương đăng tải tại địa chỉ:</p>\r\n\r\n<p><a href=\"http://ecosys.gov.vn/Homepage/DocumentView.aspx\" target=\"_blank\">http://ecosys.gov.vn/Homepage/DocumentView.aspx.</a>&nbsp;Doanh nghiệp vui l&ograve;ng download t&agrave;i liệu tại trang n&agrave;y.</p>\r\n\r\n<p>Đối với mẫu CO CPTPP, hiện nay Bộ C&ocirc;ng Thương đang trong qu&aacute; tr&igrave;nh thực hiện in ấn. Khi Ph&ograve;ng Quản l&yacute; xuất nhập khẩu khu vực Cần Thơ nhận được mẫu CPTPP, Ph&ograve;ng sẽ gửi th&ocirc;ng b&aacute;o đến c&aacute;c doanh nghiệp được biết. (Tạm thời doanh nghiệp c&oacute; thể xem&nbsp;mẫu CO&nbsp;trong Phụ lục đ&iacute;nh k&egrave;m Th&ocirc;ng tư&nbsp;03/2019/TT-BCT)</p>\r\n\r\n<p><em>Theo Bộ C&ocirc;ng Thương</em></p>', 1, 0, 0, 7, '', NULL, 'vi', 0, NULL, '2019-08-21 17:28:46', '2019-08-22 00:00:42', NULL);
INSERT INTO `contents` VALUES (40, 40, 1, 'upload/contents/40.png', 'Banner 1', 'banner-1', NULL, NULL, 1, 0, 0, 0, '', NULL, 'vi', 0, NULL, '2019-08-22 00:27:02', '2019-08-22 00:27:03', NULL);
INSERT INTO `contents` VALUES (41, 41, 1, 'upload/contents/41.jpeg', 'Banner 2', 'banner-2', NULL, NULL, 1, 0, 0, 0, '', NULL, 'vi', 0, NULL, '2019-08-22 00:27:20', '2019-08-22 00:27:21', NULL);
INSERT INTO `contents` VALUES (42, 42, 1, 'upload/contents/42.jpeg', 'Banner 3', 'banner-3', NULL, NULL, 1, 0, 0, 0, '', NULL, 'vi', 0, NULL, '2019-08-22 09:02:41', '2019-08-22 09:02:41', NULL);
INSERT INTO `contents` VALUES (43, 43, 1, 'upload/contents/43.png', 'Banner 4', 'banner-4', NULL, NULL, 1, 0, 0, 0, '', NULL, 'vi', 0, NULL, '2019-08-22 09:03:00', '2019-08-22 09:03:00', NULL);
INSERT INTO `contents` VALUES (44, 44, 1, 'upload/contents/44.jpeg', 'PFA khuyên công dân không sử dụng cá tra đông lạnh', 'pfa-khuyen-cong-dan-khong-su-dung-ca-tra-dong-lanh', 'PFA khuyên công dân không sử dụng cá tra đông lạnh PFA khuyên công dân không sử dụng', '<p>PFA khuy&ecirc;n c&ocirc;ng d&acirc;n kh&ocirc;ng sử dụng c&aacute; tra đ&ocirc;ng lạnh&nbsp;PFA khuy&ecirc;n c&ocirc;ng d&acirc;n kh&ocirc;ng sử dụng c&aacute; tra đ&ocirc;ng lạnh&nbsp;PFA khuy&ecirc;n c&ocirc;ng d&acirc;n kh&ocirc;ng sử dụng c&aacute; tra đ&ocirc;ng lạnh&nbsp;PFA khuy&ecirc;n c&ocirc;ng d&acirc;n kh&ocirc;ng sử dụng c&aacute; tra đ&ocirc;ng lạnh</p>', 1, 0, 1, 1, '', NULL, 'vi', 0, NULL, '2019-08-22 09:05:58', '2019-08-28 14:19:29', NULL);
INSERT INTO `contents` VALUES (45, 45, 1, 'upload/contents/45.jpeg', 'Ả rập Xê Út ngừng nhập khẩu thủy sản sang Việt Nam', 'a-rap-xe-ut-ngung-nhap-khau-thuy-san-sang-viet-nam', 'Ngày 22/3/2019, Ả rập Xê Út ngừng nhập khẩu thủy sản Việt Nam ngừng nhập khẩu thủy sản Việt Nam', '<p>Ả rập X&ecirc; &Uacute;t ngừng nhập khẩu thủy sản Việt Nam vẢ rập X&ecirc; &Uacute;t ngừng nhập khẩu thủy sản Việt Nam&nbsp;Ả rập X&ecirc; &Uacute;t ngừng nhập khẩu thủy sản Việt Nam</p>', 1, 0, 1, 0, '', NULL, 'vi', 0, NULL, '2019-08-22 09:06:56', '2019-08-28 14:19:09', NULL);
INSERT INTO `contents` VALUES (46, 46, 1, 'upload/contents/46.jpeg', 'Lưu ý cho doanh nghiệp xuất khẩu hàng', 'luu-y-cho-doanh-nghiep-xuat-khau-hang', 'Lưu ý cho doanh nghiệp xuất khẩu hàng Nông-Lâm-Thủy sản', '<p>Chế độ dinh dưỡng c&acirc;n đối sẽ cải thiện được t&igrave;nh trạng sức khỏe của c&aacute; hoặc t&ocirc;m.</p>', 1, 0, 1, 0, '', NULL, 'vi', 0, NULL, '2019-08-22 09:08:10', '2019-08-28 14:19:02', NULL);
INSERT INTO `contents` VALUES (47, 47, 1, 'upload/contents/47.jpeg', 'Cập nhật giá cá tra Việt Nam xuất khẩu', 'cap-nhat-gia-ca-tra-viet-nam-xuat-khau', 'Cá là nhóm đầu tiên có hệ thống miễn dịch đặc hiệu trong chuỗi tiến hóa.', '<p>Xung quanh m&ocirc; h&igrave;nh cổ điển: Vật Nu&ocirc;i &ndash; Mầm Bệnh &ndash; M&ocirc;i Trường, c&aacute;c c&ocirc;ng nghệ v&agrave; kỹ thuật quản l&yacute; mới đ&atilde; được ph&aacute;t triển nhằm kiểm so&aacute;t bệnh tốt hơn như: ti&ecirc;m vắc-xin nhằm giảm kh&aacute;ng sinh sử dụng, an to&agrave;n sinh học trong trại giống v&agrave; trang trại, c&ocirc;ng nghệ biofloc. C&aacute;c c&ocirc;ng nghệ n&agrave;y đ&atilde; được chứng minh th&agrave;nh c&ocirc;ng, việc mở rộng &aacute;p dụng v&agrave; tiếp tục ph&aacute;t triển ch&uacute;ng chắc chắn sẽ cải thiện c&aacute;ch nu&ocirc;i trồng thủy sản.</p>\r\n\r\n<p>Một chiến lược kh&aacute;c l&agrave; tăng sức khỏe vật nu&ocirc;i th&ocirc;ng qua thức ăn, ch&uacute;ng ta sẽ thảo luận n&oacute; trong tạp ch&iacute; n&agrave;y. Chế độ dinh dưỡng c&acirc;n đối sẽ cải thiện được t&igrave;nh trạng sức khỏe của c&aacute; hoặc t&ocirc;m. Trong t&igrave;nh h&igrave;nh &aacute;p lực như nhiễm mầm bệnh, th&igrave; việc sử dụng Sản phẩm k&iacute;ch th&iacute;ch miễn dịch c&oacute; thể được xem x&eacute;t để gi&uacute;p vật nu&ocirc;i tăng cường ph&ograve;ng vệ.</p>\r\n\r\n<p>Khi nghi&ecirc;n cứu, ta thấy rằng miễn dịch của động vật thủy sinh kh&ocirc;ng chỉ kh&aacute;c nhau giữa ch&uacute;ng v&agrave; động vật c&oacute; v&uacute; m&agrave; c&ograve;n giữa c&aacute; v&agrave; gi&aacute;p x&aacute;c. C&aacute; l&agrave; nh&oacute;m đầu ti&ecirc;n c&oacute; hệ thống miễn dịch đặc hiệu xuất hiện trong chuỗi tiến h&oacute;a. Do đ&oacute;, hệ thống n&agrave;y hoạt động k&eacute;m hơn ở động vật c&oacute; v&uacute; (xem Tort et al 2003). N&oacute; &iacute;t đặc hiệu hơn; &iacute;t nhạy cảm hơn v&agrave; chỉ c&oacute; một loại kh&aacute;ng thể (IgM). C&aacute; l&agrave; động vật biến nhiệt, n&oacute; phụ thuộc nhiều v&agrave;o nhiệt độ, nhiệt độ thấp l&agrave;m chậm phản ứng miễn dịch l&ecirc;n đến 10 đến 12 tuần. C&aacute; dựa nhiều v&agrave;o hệ thống miễn dịch kh&ocirc;ng đặc hiệu (c&ograve;n được gọi l&agrave; miễn dịch bẩm sinh) để chống lại mầm bệnh.</p>\r\n\r\n<p>Hệ thống miễn dịch bẩm sinh nhận ra c&aacute;c nh&acirc;n tố c&oacute; hại b&ecirc;n ngo&agrave;i hay mầm bệnh th&ocirc;ng qua PAMP, việc nhận dạng n&agrave;y nhờ v&agrave;o c&aacute;c thụ thể nhận dạng (PRR) hoặc protein nhận dạng (PRP). Miễn dịch bẩm sinh của c&aacute; với h&agrave;ng r&agrave;o bảo vệ đầu ti&ecirc;n l&agrave; chất nhầy, n&oacute; bẫy c&aacute;c mầm bệnh, sau đ&oacute; c&aacute;c lysozyme, peptide kh&aacute;ng khuẩn c&oacute; thể loại bỏ mầm bệnh. Bạch cầu trung t&iacute;nh v&agrave; đại thực b&agrave;o l&agrave; c&aacute;c tế b&agrave;o quan trọng của hệ thống miễn dịch bẩm sinh v&igrave; ch&uacute;ng c&oacute; thể nuốt (thực b&agrave;o) mầm bệnh (một cơ chế kh&ocirc;ng phụ thuộc v&agrave;o nhiệt độ) v&agrave; giải ph&oacute;ng c&aacute;c chất g&acirc;y độc cho mầm bệnh. Ho&agrave;n tất miễn dịch tế b&agrave;o, miễn dịch dịch thể li&ecirc;n quan đến sự tổng hợp v&agrave; giải ph&oacute;ng c&aacute;c th&agrave;nh phần kh&aacute;ng khuẩn.</p>\r\n\r\n<p>Ở t&ocirc;m thậm ch&iacute; c&ograve;n đơn giản hơn v&igrave; ch&uacute;ng chỉ dựa v&agrave;o khả năng miễn dịch bẩm sinh, ch&uacute;ng t&ocirc;i thấy loại cơ chế tương tự như ở c&aacute; với sự thực b&agrave;o th&ocirc;ng qua Bạch cầu hạt &nbsp;(một dạng cụ thể của tế b&agrave;o m&aacute;u) v&agrave; phản ứng thể dịch. Tuy nhi&ecirc;n, cơ chế hiệu quả nhất của động vật kh&ocirc;ng xương sống (ch&acirc;n đốt) l&agrave; bao bọc t&aacute;c nh&acirc;n g&acirc;y hại bằng sắc tố melanin kh&aacute;ng khuẩn. Điều n&agrave;y đ&ograve;i hỏi kết hợp của sự tuần ho&agrave;n m&aacute;u v&agrave; hoạt t&iacute;nh của enzyme phenoloxidase. Sự nhận biết PAMPs như LPS v&agrave; &beta;-1,3 glucans của PRP l&agrave; một bước quan trọng để k&iacute;ch hoạt prophenoloxidase.</p>\r\n\r\n<p>Việc k&iacute;ch th&iacute;ch hệ thống miễn dịch bẩm sinh, nhằm đẩy nhanh tốc độ v&agrave; hiệu quả, beta glucans đ&atilde; được nghi&ecirc;n cứu trong một thời gian d&agrave;i v&agrave; dường như l&agrave; chất k&iacute;ch th&iacute;ch miễn dịch l&yacute; tưởng trong nu&ocirc;i trồng thủy sản (Meena et al 2013 v&agrave; Ringo et al, 2012) v&igrave; ch&uacute;ng c&oacute; thể k&iacute;ch hoạt c&aacute;c đại thực b&agrave;o ở c&aacute; v&agrave; prophenoloxidase tr&ecirc;n t&ocirc;m.</p>\r\n\r\n<p>Mảnh của v&aacute;ch tế b&agrave;o, chẳng hạn như Safmannan&reg; được chiết xuất từ ​​một chủng chọn lọc Saccharomyces cerevisiae tu&acirc;n thủ c&aacute;c ti&ecirc;u chuẩn kiểm so&aacute;t sản xuất nghi&ecirc;m ngặt của EU. Ch&uacute;ng c&oacute; chứa beta glucans, mannan oligosacharit l&agrave; c&aacute;c chất k&iacute;ch hoạt của hệ thống miễn dịch (Song et al 2014).</p>\r\n\r\n<p>C&aacute;c thử nghiệm nội bộ trước đ&acirc;y đ&atilde; chỉ ra rằng v&aacute;ch tế b&agrave;o nấm men v&agrave; c&aacute;c mảnh của v&aacute;ch tế b&agrave;o c&oacute; t&aacute;c dụng kh&aacute;c nhau trong &nbsp;hấp thụ độc tố v&agrave; miễn dịch ở động vật thủy sản. Thực tế, một số thử nghiệm được thực hiện tại Trung t&acirc;m nghi&ecirc;n cứu Hellenic Center for Marine ở Hy Lạp đ&atilde; chỉ ra rằng c&aacute;c sản phẩm mảnh tế b&agrave;o c&oacute; tỷ lệ manna / glucan tương tự c&ocirc;ng ty Phileo (nh&aacute;nh kinh doanh trong lĩnh vực chăm s&oacute;c sức khỏe vật nu&ocirc;i của tạp đo&agrave;n Lesaffre) c&oacute; t&aacute;c dụng rất kh&aacute;c nhau trong việc k&iacute;ch th&iacute;ch c&aacute;c th&ocirc;ng số miễn dịch v&agrave; tỷ lệ sống s&oacute;t sau khi g&acirc;y nhiễm Vibrio anguillarum. Kh&ocirc;ng chỉ h&agrave;m lượng mannan, B-glucan c&oacute; tầm quan trọng, m&agrave; chủng nấm men, qu&aacute; tr&igrave;nh sấy kh&ocirc; cũng l&agrave; những yếu tố ch&iacute;nh ảnh hưởng đến hiệu quả của sản phẩm tr&ecirc;n vật nu&ocirc;i. Trong thử nghiệm, ba liều lượng nấm men kh&aacute;c nhau được sử dụng để đ&aacute;nh gi&aacute; t&aacute;c động v&agrave; khả năng cải thiện miễn dịch. Một điều r&uacute;t ra ở đ&acirc;y l&agrave; Nguồn gốc sản phẩm, chất lượng, liều lượng v&agrave; thời gian sử dụng đều c&oacute; li&ecirc;n quan với nhau.</p>\r\n\r\n<p>Một thử nghiệm đ&atilde; được thực hiện để nghi&ecirc;n cứu phản ứng của Safmannan ở những liều kh&aacute;c tr&ecirc;n sinh vật biển. Với 2 mục ti&ecirc;u:</p>\r\n\r\n<ol>\r\n	<li>Điều tra ảnh hưởng của mảnh v&aacute;ch tế b&agrave;o trong khẩu phần với lượng bột c&aacute; giảm</li>\r\n	<li>X&aacute;c định liều lượng cần thiết để đạt được đ&aacute;p ứng miễn dịch tối ưu (Yu et al 2014).</li>\r\n</ol>\r\n\r\n<p>S&aacute;u khẩu phần ăn được thiết kế (bảng 1) với một chế độ ăn nhiều bột c&aacute; (38,5%), kh&ocirc;ng c&oacute; bột đậu n&agrave;nh (HFM) v&agrave; 5 chế độ ăn với 25% bột c&aacute; v&agrave; 20% bột đậu n&agrave;nh. Năm khẩu phần ăn n&agrave;y được bổ sung 0, 250, 500, 1000 v&agrave; 2000 g /T Safmannan&reg;.</p>', 1, 0, 1, 0, '', NULL, 'vi', 0, NULL, '2019-08-22 09:09:59', '2019-08-28 14:18:57', NULL);
INSERT INTO `contents` VALUES (48, 48, 1, 'upload/contents/48.jpeg', 'THÔNG BÁO: Chuyển trụ sở làm việc của HH Cá Tra Việt Nam', 'thong-bao-chuyen-tru-so-lam-viec-cua-hh-ca-tra-viet-nam', 'Hội chợ được tổ chức bởi Liên đoàn TM và CNTS Trung Quốc', '<p>C&aacute; chẽm Nhật (18g) được chọn, cho v&agrave;o bể 280 L sau 24 giờ bỏ đ&oacute;i, 30 con/ bể, v&agrave; s&aacute;u bể mỗi lần xử l&yacute;. Duy tr&igrave; nhiệt độ nước, c&aacute; được cho ăn no 2 lần/ ng&agrave;y l&uacute;c 08:00 v&agrave; 15:00 trong 72 ng&agrave;y. Cuối chu kỳ xử l&yacute;, c&aacute; được g&acirc;y m&ecirc; để c&acirc;n, lấy mẫu nội tạng v&agrave; m&aacute;u.</p>\r\n\r\n<p>Lấy mẫu ruột của 2 con c&aacute;/ bể ở c&aacute;c nh&oacute;m FM, Y0, Y4 v&agrave; Y5 v&agrave;o cuối thử nghiệm (12 con/ nghiệm thức), xử l&yacute; để ph&acirc;n t&iacute;ch m&ocirc; học (nhuộm H &amp; E). C&aacute;c th&ocirc;ng số h&igrave;nh th&aacute;i li&ecirc;n quan đến ruột trước v&agrave; ruột sau bao gồm chiều cao của nếp gấp ni&ecirc;m mạc, chiều rộng của nếp gấp ni&ecirc;m mạc, lớp đệm ni&ecirc;m mạc, v&agrave; m&ocirc; li&ecirc;n kết.</p>\r\n\r\n<p>Sau khi lấy mẫu xong, 40 con c&aacute;/ nghiệm thức (6 - 7 con/ bể) được chia th&agrave;nh 2 nh&oacute;m v&agrave; chuyển v&agrave;o hệ thống nước tĩnh với nhiệt độ ở 26 &plusmn; 1 &deg; C. Cho c&aacute; ăn như trước v&agrave; hồi phục căng thẳng 2 tuần do việc c&acirc;n v&agrave; lấy mẫu. Sau đ&oacute;, g&acirc;y nhiễm Aeromonas veronii (CGMCC số 4274) bằng c&aacute;ch ti&ecirc;m bắp 8 &times; 10<sup>4</sup>&nbsp;tế b&agrave;o/ 100 g trọng lượng cơ thể. Lấy 10 con c&aacute;/bể để thử c&aacute;c th&ocirc;ng số miễn dịch sau 2 ng&agrave;y g&acirc;y nhiễm, c&aacute;c con kh&aacute;c (20 con/nghiệm thức), kh&ocirc;ng cho ăn v&agrave; ghi nhận tỷ lệ sống t&iacute;ch lũy trong 7 ng&agrave;y.</p>\r\n\r\n<p>Nghi&ecirc;n cứu n&agrave;y cho thấy, khẩu phần ăn với bột đậu n&agrave;nh (SBM) c&oacute; mức tăng trưởng thấp hơn so với khẩu phần ăn c&oacute; nhiều bột c&aacute; (HFM), tuy nhi&ecirc;n mức tăng trưởng ở mức 2kg/tấn thức ăn l&agrave; tốt hơn nhiều so với liều 500g/tấn thức ăn. Kết quả n&agrave;y tương quan với chiều cao v&agrave; chiều rộng của nếp gấp ni&ecirc;m mạc ruột trước, ruột sau trong chế độ ăn SBM so với chế độ ăn HFM. N&oacute; cho thấy Safmannan&reg; ở mức 2kg/ T c&oacute; thể hỗ trợ bột đậu n&agrave;nh v&agrave; tăng sức khỏe đường ruột từ đ&oacute; gi&uacute;p vật nu&ocirc;i tăng trưởng tốt hơn.</p>', 1, 0, 1, 2, '', NULL, 'vi', 0, NULL, '2019-08-22 09:11:41', '2019-08-28 14:19:42', NULL);

-- ----------------------------
-- Table structure for languages
-- ----------------------------
DROP TABLE IF EXISTS `languages`;
CREATE TABLE `languages`  (
  `id` bigint(20) UNSIGNED NOT NULL AUTO_INCREMENT,
  `lang` varchar(20) CHARACTER SET utf8mb4 COLLATE utf8mb4_unicode_ci NOT NULL,
  `language` varchar(20) CHARACTER SET utf8mb4 COLLATE utf8mb4_unicode_ci NOT NULL,
  `is_default` tinyint(1) NULL DEFAULT 0,
  `note` varchar(100) CHARACTER SET utf8mb4 COLLATE utf8mb4_unicode_ci NULL DEFAULT '',
  `created_at` timestamp(0) NULL DEFAULT NULL,
  `updated_at` timestamp(0) NULL DEFAULT NULL,
  `deleted_at` timestamp(0) NULL DEFAULT NULL,
  PRIMARY KEY (`id`) USING BTREE
) ENGINE = InnoDB AUTO_INCREMENT = 1 CHARACTER SET = utf8mb4 COLLATE = utf8mb4_unicode_ci ROW_FORMAT = Compact;

-- ----------------------------
-- Table structure for menu_categories
-- ----------------------------
DROP TABLE IF EXISTS `menu_categories`;
CREATE TABLE `menu_categories`  (
  `menu_id` bigint(20) UNSIGNED NOT NULL,
  `category_id` bigint(20) UNSIGNED NOT NULL,
  `sort` int(11) NOT NULL DEFAULT 0,
  `created_at` timestamp(0) NULL DEFAULT NULL,
  `updated_at` timestamp(0) NULL DEFAULT NULL,
  `deleted_at` timestamp(0) NULL DEFAULT NULL,
  PRIMARY KEY (`menu_id`, `category_id`) USING BTREE,
  INDEX `menu_categories_category_id_foreign`(`category_id`) USING BTREE,
  CONSTRAINT `menu_categories_category_id_foreign` FOREIGN KEY (`category_id`) REFERENCES `categories` (`id`) ON DELETE RESTRICT ON UPDATE RESTRICT,
  CONSTRAINT `menu_categories_menu_id_foreign` FOREIGN KEY (`menu_id`) REFERENCES `menus` (`id`) ON DELETE RESTRICT ON UPDATE RESTRICT
) ENGINE = InnoDB CHARACTER SET = utf8mb4 COLLATE = utf8mb4_unicode_ci ROW_FORMAT = Compact;

-- ----------------------------
-- Records of menu_categories
-- ----------------------------
INSERT INTO `menu_categories` VALUES (1, 11, 1, NULL, NULL, NULL);
INSERT INTO `menu_categories` VALUES (1, 12, 3, NULL, NULL, NULL);
INSERT INTO `menu_categories` VALUES (1, 13, 2, NULL, NULL, NULL);
INSERT INTO `menu_categories` VALUES (1, 15, 4, NULL, NULL, NULL);
INSERT INTO `menu_categories` VALUES (1, 16, 5, NULL, NULL, NULL);
INSERT INTO `menu_categories` VALUES (2, 6, 0, NULL, NULL, NULL);
INSERT INTO `menu_categories` VALUES (2, 19, 0, NULL, NULL, NULL);
INSERT INTO `menu_categories` VALUES (3, 7, 0, '2019-08-13 10:49:46', '2019-08-13 10:49:46', NULL);
INSERT INTO `menu_categories` VALUES (4, 8, 1, NULL, NULL, NULL);
INSERT INTO `menu_categories` VALUES (4, 17, 2, NULL, NULL, NULL);
INSERT INTO `menu_categories` VALUES (6, 11, 1, NULL, NULL, NULL);
INSERT INTO `menu_categories` VALUES (6, 17, 2, NULL, NULL, NULL);
INSERT INTO `menu_categories` VALUES (7, 12, 1, NULL, NULL, NULL);
INSERT INTO `menu_categories` VALUES (7, 17, 2, NULL, NULL, NULL);
INSERT INTO `menu_categories` VALUES (8, 13, 1, NULL, NULL, NULL);
INSERT INTO `menu_categories` VALUES (8, 17, 2, NULL, NULL, NULL);
INSERT INTO `menu_categories` VALUES (12, 6, 0, NULL, NULL, NULL);

-- ----------------------------
-- Table structure for menu_contents
-- ----------------------------
DROP TABLE IF EXISTS `menu_contents`;
CREATE TABLE `menu_contents`  (
  `menu_id` bigint(20) UNSIGNED NOT NULL,
  `content_id` bigint(20) UNSIGNED NOT NULL,
  `created_at` timestamp(0) NULL DEFAULT NULL,
  `updated_at` timestamp(0) NULL DEFAULT NULL,
  `deleted_at` timestamp(0) NULL DEFAULT NULL,
  PRIMARY KEY (`menu_id`, `content_id`) USING BTREE,
  INDEX `menu_contents_content_id_foreign`(`content_id`) USING BTREE,
  CONSTRAINT `menu_contents_content_id_foreign` FOREIGN KEY (`content_id`) REFERENCES `contents` (`id`) ON DELETE RESTRICT ON UPDATE RESTRICT,
  CONSTRAINT `menu_contents_menu_id_foreign` FOREIGN KEY (`menu_id`) REFERENCES `menus` (`id`) ON DELETE RESTRICT ON UPDATE RESTRICT
) ENGINE = InnoDB CHARACTER SET = utf8mb4 COLLATE = utf8mb4_unicode_ci ROW_FORMAT = Compact;

-- ----------------------------
-- Table structure for menus
-- ----------------------------
DROP TABLE IF EXISTS `menus`;
CREATE TABLE `menus`  (
  `id` bigint(20) UNSIGNED NOT NULL AUTO_INCREMENT,
  `menu_id` bigint(20) UNSIGNED NOT NULL,
  `parent_id` bigint(20) UNSIGNED NOT NULL,
  `menu_name` varchar(191) CHARACTER SET utf8mb4 COLLATE utf8mb4_unicode_ci NOT NULL,
  `alias` varchar(191) CHARACTER SET utf8mb4 COLLATE utf8mb4_unicode_ci NOT NULL,
  `type` varchar(191) CHARACTER SET utf8mb4 COLLATE utf8mb4_unicode_ci NOT NULL,
  `target` varchar(191) CHARACTER SET utf8mb4 COLLATE utf8mb4_unicode_ci NULL DEFAULT '\"\"',
  `is_show` tinyint(1) NOT NULL DEFAULT 1,
  `sort` tinyint(4) NOT NULL,
  `lang` varchar(20) CHARACTER SET utf8mb4 COLLATE utf8mb4_unicode_ci NOT NULL,
  `note` varchar(191) CHARACTER SET utf8mb4 COLLATE utf8mb4_unicode_ci NULL DEFAULT '',
  `created_at` timestamp(0) NULL DEFAULT NULL,
  `updated_at` timestamp(0) NULL DEFAULT NULL,
  PRIMARY KEY (`id`) USING BTREE
) ENGINE = InnoDB AUTO_INCREMENT = 13 CHARACTER SET = utf8mb4 COLLATE = utf8mb4_unicode_ci ROW_FORMAT = Compact;

-- ----------------------------
-- Records of menus
-- ----------------------------
INSERT INTO `menus` VALUES (1, 1, 0, 'Trang Chủ', '/', 'home', '', 1, 0, 'vi', NULL, '2019-08-10 14:38:25', '2019-08-21 17:18:47');
INSERT INTO `menus` VALUES (2, 2, 0, 'Danh mục 1', 'danh-muc-1', 'category', '', 0, 0, 'vi', NULL, '2019-08-10 14:44:06', '2019-08-22 00:27:52');
INSERT INTO `menus` VALUES (3, 3, 0, 'danh mục lễ hội', 'danh-muc-le-hoi', 'category', '', 1, 0, 'vi', NULL, '2019-08-10 14:44:45', '2019-08-22 00:29:39');
INSERT INTO `menus` VALUES (4, 4, 3, 'Danh mục 4', 'danh-muc-4', 'category', '', 1, 0, 'vi', NULL, '2019-08-10 14:45:34', '2019-08-21 23:32:56');
INSERT INTO `menus` VALUES (5, 5, 0, 'liên hệ', 'lien-he', 'contact', '', 1, 8, 'vi', NULL, '2019-08-10 14:46:32', '2019-08-22 00:28:49');
INSERT INTO `menus` VALUES (6, 6, 0, 'triễn lãm thành tựu', 'trien-lam-thanh-tuu', 'category', '', 1, 0, 'vi', NULL, '2019-08-13 09:25:21', '2019-08-27 16:16:33');
INSERT INTO `menus` VALUES (7, 7, 0, 'góc gian hàng', 'goc-gian-hang', 'category', '', 1, 0, 'vi', NULL, '2019-08-13 09:25:51', '2019-08-27 16:16:44');
INSERT INTO `menus` VALUES (8, 8, 0, 'góc ẩm thực', 'goc-am-thuc', 'category', '', 1, 0, 'vi', NULL, '2019-08-13 09:26:12', '2019-08-19 14:16:43');
INSERT INTO `menus` VALUES (12, 10, 0, 'Danh mục 3', 'danh-muc-3', 'category', '', 0, 0, 'vi', NULL, '2019-08-15 09:46:14', '2019-08-21 23:35:29');

-- ----------------------------
-- Table structure for migrations
-- ----------------------------
DROP TABLE IF EXISTS `migrations`;
CREATE TABLE `migrations`  (
  `id` int(10) UNSIGNED NOT NULL AUTO_INCREMENT,
  `migration` varchar(191) CHARACTER SET utf8mb4 COLLATE utf8mb4_unicode_ci NOT NULL,
  `batch` int(11) NOT NULL,
  PRIMARY KEY (`id`) USING BTREE
) ENGINE = InnoDB AUTO_INCREMENT = 15 CHARACTER SET = utf8mb4 COLLATE = utf8mb4_unicode_ci ROW_FORMAT = Compact;

-- ----------------------------
-- Records of migrations
-- ----------------------------
INSERT INTO `migrations` VALUES (1, '2014_10_12_000000_create_users_table', 1);
INSERT INTO `migrations` VALUES (2, '2014_10_12_100000_create_password_resets_table', 1);
INSERT INTO `migrations` VALUES (3, '2019_08_05_145452_create_categories_table', 1);
INSERT INTO `migrations` VALUES (4, '2019_08_05_145513_create_contents_table', 1);
INSERT INTO `migrations` VALUES (5, '2019_08_05_145727_create_languages_table', 1);
INSERT INTO `migrations` VALUES (6, '2019_08_05_145742_create_menus_table', 1);
INSERT INTO `migrations` VALUES (7, '2019_08_05_145908_create_menu_categories_table', 1);
INSERT INTO `migrations` VALUES (8, '2019_08_05_145917_create_menu_contents_table', 1);
INSERT INTO `migrations` VALUES (9, '2019_08_06_092818_create_content_categories_table', 1);
INSERT INTO `migrations` VALUES (10, '2019_08_13_143913_create_contacts_table', 1);
INSERT INTO `migrations` VALUES (12, '2019_08_14_104127_create_sponsors_table', 2);
INSERT INTO `migrations` VALUES (13, '2019_08_21_143215_add_url_target_sort_is_show_to_sponsors_table', 2);
INSERT INTO `migrations` VALUES (14, '2019_08_27_134524_add_sort_to_menu_categories_table', 3);

-- ----------------------------
-- Table structure for password_resets
-- ----------------------------
DROP TABLE IF EXISTS `password_resets`;
CREATE TABLE `password_resets`  (
  `email` varchar(191) CHARACTER SET utf8mb4 COLLATE utf8mb4_unicode_ci NOT NULL,
  `token` varchar(191) CHARACTER SET utf8mb4 COLLATE utf8mb4_unicode_ci NOT NULL,
  `created_at` timestamp(0) NULL DEFAULT NULL,
  INDEX `password_resets_email_index`(`email`) USING BTREE
) ENGINE = InnoDB CHARACTER SET = utf8mb4 COLLATE = utf8mb4_unicode_ci ROW_FORMAT = Compact;

-- ----------------------------
-- Table structure for sponsors
-- ----------------------------
DROP TABLE IF EXISTS `sponsors`;
CREATE TABLE `sponsors`  (
  `id` bigint(20) UNSIGNED NOT NULL AUTO_INCREMENT,
  `avatar` varchar(191) CHARACTER SET utf8mb4 COLLATE utf8mb4_unicode_ci NULL DEFAULT '',
  `sponsor_name` varchar(191) CHARACTER SET utf8mb4 COLLATE utf8mb4_unicode_ci NULL DEFAULT '',
  `url` varchar(191) CHARACTER SET utf8mb4 COLLATE utf8mb4_unicode_ci NULL DEFAULT '',
  `target` varchar(191) CHARACTER SET utf8mb4 COLLATE utf8mb4_unicode_ci NULL DEFAULT '',
  `sort` int(10) UNSIGNED NULL DEFAULT 0,
  `is_show` tinyint(1) NULL DEFAULT 1,
  `note` varchar(191) CHARACTER SET utf8mb4 COLLATE utf8mb4_unicode_ci NULL DEFAULT '',
  `created_at` timestamp(0) NULL DEFAULT NULL,
  `updated_at` timestamp(0) NULL DEFAULT NULL,
  PRIMARY KEY (`id`) USING BTREE
) ENGINE = InnoDB AUTO_INCREMENT = 10 CHARACTER SET = utf8mb4 COLLATE = utf8mb4_unicode_ci ROW_FORMAT = Compact;

-- ----------------------------
-- Records of sponsors
-- ----------------------------
INSERT INTO `sponsors` VALUES (2, 'upload/sponsors/2.jpeg', 'Ngoc Xuan', '#', NULL, 0, 1, NULL, '2019-08-19 10:30:54', '2019-08-22 08:54:26');
INSERT INTO `sponsors` VALUES (3, 'upload/sponsors/3.png', 'Ranee', '#', '_blank', 0, 1, NULL, '2019-08-22 08:55:15', '2019-08-22 08:55:15');
INSERT INTO `sponsors` VALUES (4, 'upload/sponsors/4.jpeg', 'IDI', '#', '_blank', 0, 1, NULL, '2019-08-22 08:55:31', '2019-08-22 08:55:31');
INSERT INTO `sponsors` VALUES (5, 'upload/sponsors/5.jpeg', 'vinacert', '#', '_blank', 0, 1, NULL, '2019-08-22 08:55:54', '2019-08-22 08:55:54');
INSERT INTO `sponsors` VALUES (6, 'upload/sponsors/6.jpeg', 'Thuy San Can Tho', '#', '_blank', 0, 1, NULL, '2019-08-22 08:56:23', '2019-08-22 08:56:23');
INSERT INTO `sponsors` VALUES (8, 'upload/sponsors/8.png', 'Bien Dong', '#', NULL, 0, 0, NULL, '2019-08-22 11:21:41', '2019-08-22 14:04:42');
INSERT INTO `sponsors` VALUES (9, 'upload/sponsors/9.gif', 'Vedenim', '#', NULL, 0, 0, NULL, '2019-08-22 11:22:39', '2019-08-22 14:04:23');

-- ----------------------------
-- Table structure for users
-- ----------------------------
DROP TABLE IF EXISTS `users`;
CREATE TABLE `users`  (
  `id` bigint(20) UNSIGNED NOT NULL AUTO_INCREMENT,
  `name` varchar(191) CHARACTER SET utf8mb4 COLLATE utf8mb4_unicode_ci NOT NULL,
  `username` varchar(191) CHARACTER SET utf8mb4 COLLATE utf8mb4_unicode_ci NOT NULL,
  `email` varchar(191) CHARACTER SET utf8mb4 COLLATE utf8mb4_unicode_ci NULL DEFAULT NULL,
  `email_verified_at` timestamp(0) NULL DEFAULT NULL,
  `password` varchar(191) CHARACTER SET utf8mb4 COLLATE utf8mb4_unicode_ci NOT NULL,
  `active` tinyint(1) NOT NULL DEFAULT 1,
  `remember_token` varchar(100) CHARACTER SET utf8mb4 COLLATE utf8mb4_unicode_ci NULL DEFAULT NULL,
  `created_at` timestamp(0) NULL DEFAULT NULL,
  `updated_at` timestamp(0) NULL DEFAULT NULL,
  `deleted_at` timestamp(0) NULL DEFAULT NULL,
  PRIMARY KEY (`id`) USING BTREE,
  UNIQUE INDEX `users_username_unique`(`username`) USING BTREE,
  UNIQUE INDEX `users_email_unique`(`email`) USING BTREE
) ENGINE = InnoDB AUTO_INCREMENT = 2 CHARACTER SET = utf8mb4 COLLATE = utf8mb4_unicode_ci ROW_FORMAT = Compact;

-- ----------------------------
-- Records of users
-- ----------------------------
INSERT INTO `users` VALUES (1, 'admin', 'admin', 'nganhbui996@gmail.com', NULL, '$2y$10$DKR6rquIEpzR//zp0QVcCOowZ4kDCaGQrg2N2M5l2LBzhNyDNY1Uq', 1, 'SyHD9xNntRUldlxIwPUuCoy0vTQmnhaBIgc82NBbHkQXBxZwccoF4kQP3X4O', NULL, '2019-08-19 14:11:38', NULL);

SET FOREIGN_KEY_CHECKS = 1;
